shipment_no,log,current_status
C1770314,"[['PA - In Transit', '2024-10-14 10:30:33', 'Admin'], ['SHPFW - Loss', '2024-10-14 11:52:37', 'Admin'], ['PA - In Transit', '2024-10-14 16:30:44', 'sql']]",PA - In Transit
C1770169,"[['PA - In Transit', '2024-10-14 10:30:33', 'Admin'], ['SHPFW - Loss', '2024-10-14 11:52:37', 'Admin'], ['SHPFW - Returned', '2024-10-14 12:06:49', 'Admin'], ['PA - In Transit', '2024-10-14 16:30:44', 'sql']]",PA - In Transit
C1770166,"[['PA - In Transit', '2024-10-14 10:30:33', 'Admin'], ['SHPFW - Loss', '2024-10-14 12:04:45', 'Admin'], ['PA - In Transit', '2024-10-14 16:30:44', 'sql']]",PA - In Transit
C1770167,"[['PA - In Transit', '2024-10-14 10:30:33', 'Admin'], ['SHPFW - Loss', '2024-10-14 12:09:23', 'Admin'], ['PA - In Transit', '2024-10-14 16:30:44', 'sql']]",PA - In Transit
C1770158,"[['PA - In Transit', '2024-10-14 10:30:33', 'Admin'], ['PA - In Transit', '2024-10-14 16:30:44', 'sql']]",PA - In Transit
C1770151,"[['PA - In Transit', '2024-10-14 10:30:33', 'Admin'], ['SHPFW - Loss', '2024-10-14 12:01:59', 'Admin'], ['PA - In Transit', '2024-10-14 16:30:44', 'sql']]",PA - In Transit
C1770142,"[['PA - In Transit', '2024-10-14 10:30:33', 'Admin'], ['PA - In Transit', '2024-10-14 16:30:44', 'sql']]",PA - In Transit
C1770141,"[['PA - In Transit', '2024-10-14 10:30:33', 'Admin'], ['SHPFW - Loss', '2024-10-14 11:52:37', 'Admin'], ['PA - In Transit', '2024-10-14 16:30:44', 'sql']]",PA - In Transit
C1770139,"[['PA - In Transit', '2024-10-14 10:30:33', 'Admin'], ['PA - In Transit', '2024-10-14 16:30:45', 'sql']]",PA - In Transit
C1770140,"[['PA - In Transit', '2024-10-14 10:30:33', 'Admin'], ['SHPFW - Delivered', '2024-10-14 12:03:09', 'Admin'], ['PA - In Transit', '2024-10-14 16:30:45', 'sql']]",PA - In Transit
C1770138,"[['PA - In Transit', '2024-10-14 10:30:33', 'Admin'], ['PA - In Transit', '2024-10-14 16:30:45', 'sql']]",PA - In Transit
C1770137,"[['PA - In Transit', '2024-10-14 10:30:33', 'Admin'], ['PA - In Transit', '2024-10-14 16:30:45', 'sql']]",PA - In Transit
C1770136,"[['PA - In Transit', '2024-10-14 10:30:33', 'Admin'], ['PA - In Transit', '2024-10-14 16:30:45', 'sql']]",PA - In Transit
C1770146,"[['PA - In Transit', '2024-10-14 10:30:33', 'Admin'], ['SHPFW - Returned', '2024-10-14 11:55:53', 'Admin'], ['PA - In Transit', '2024-10-14 16:30:45', 'sql']]",PA - In Transit
C1770135,"[['PA - In Transit', '2024-10-14 10:30:33', 'Admin'], ['PA - In Transit', '2024-10-14 16:30:45', 'sql']]",PA - In Transit
C1770134,"[['PA - In Transit', '2024-10-14 10:30:33', 'Admin'], ['PA - In Transit', '2024-10-14 16:30:45', 'sql']]",PA - In Transit
C1770125,"[['PA - In Transit', '2024-10-14 10:30:33', 'Admin'], ['PA - In Transit', '2024-10-14 16:30:45', 'sql']]",PA - In Transit
C1770133,"[['PA - In Transit', '2024-10-14 10:30:33', 'Admin'], ['PA - Not Delivered', '2024-10-14 12:05:25', 'Admin'], ['PA - In Transit', '2024-10-14 16:30:45', 'sql']]",PA - In Transit
C1770132,"[['PA - In Transit', '2024-10-14 10:30:33', 'Admin'], ['PA - In Transit', '2024-10-14 16:30:45', 'sql']]",PA - In Transit
C1770131,"[['PA - In Transit', '2024-10-14 10:30:33', 'Admin'], ['PA - In Transit', '2024-10-14 16:30:45', 'sql']]",PA - In Transit
C1770120,"[['PA - In Transit', '2024-10-14 10:30:33', 'Admin'], ['SHPFW - Returning', '2024-10-14 12:09:28', 'Admin'], ['PA - In Transit', '2024-10-14 16:30:45', 'sql']]",PA - In Transit
C1770129,"[['PA - In Transit', '2024-10-14 10:30:33', 'Admin'], ['PA - In Transit', '2024-10-14 16:30:45', 'sql']]",PA - In Transit
C1770126,"[['PA - In Transit', '2024-10-14 10:30:33', 'Admin'], ['PA - In Transit', '2024-10-14 16:30:45', 'sql']]",PA - In Transit
C1770143,"[['PA - In Transit', '2024-10-14 10:30:33', 'Admin'], ['PA - In Transit', '2024-10-14 16:30:45', 'sql']]",PA - In Transit
C1770124,"[['PA - In Transit', '2024-10-14 10:30:33', 'Admin'], ['PA - In Transit', '2024-10-14 16:30:45', 'sql']]",PA - In Transit
C1770123,"[['PA - In Transit', '2024-10-14 10:31:00', 'Admin'], ['PA - In Transit', '2024-10-14 16:30:45', 'sql']]",PA - In Transit
C1770122,"[['PA - In Transit', '2024-10-14 10:31:00', 'Admin'], ['PA - In Transit', '2024-10-14 16:30:45', 'sql']]",PA - In Transit
C1770119,"[['PA - In Transit', '2024-10-14 10:31:00', 'Admin'], ['PA - In Transit', '2024-10-14 16:30:45', 'sql']]",PA - In Transit
C1770121,"[['PA - In Transit', '2024-10-14 10:31:00', 'Admin'], ['PA - In Transit', '2024-10-14 16:30:45', 'sql']]",PA - In Transit
C1770090,"[['PA - In Transit', '2024-10-14 10:31:00', 'Admin'], ['PA - In Transit', '2024-10-14 16:30:45', 'sql']]",PA - In Transit
C1770117,"[['PA - In Transit', '2024-10-14 10:31:00', 'Admin'], ['PA - In Transit', '2024-10-14 16:30:45', 'sql']]",PA - In Transit
C1770103,"[['PA - In Transit', '2024-10-14 10:31:00', 'Admin'], ['PA - In Transit', '2024-10-14 16:30:45', 'sql']]",PA - In Transit
N1636404,"[['PA - In Transit', '2024-10-14 16:30:45', 'sql']]",PA - In Transit
C1770099,"[['PA - In Transit', '2024-10-14 10:31:00', 'Admin'], ['PA - In Transit', '2024-10-14 16:30:45', 'sql']]",PA - In Transit
C1770089,"[['PA - In Transit', '2024-10-14 10:31:00', 'Admin'], ['PA - In Transit', '2024-10-14 16:30:45', 'sql']]",PA - In Transit
C1770098,"[['PA - In Transit', '2024-10-14 10:31:00', 'Admin'], ['PA - In Transit', '2024-10-14 16:30:45', 'sql']]",PA - In Transit
C1770097,"[['PA - In Transit', '2024-10-14 10:31:00', 'Admin'], ['PA - In Transit', '2024-10-14 16:30:45', 'sql']]",PA - In Transit
C1770095,"[['PA - In Transit', '2024-10-14 10:31:00', 'Admin'], ['PA - In Transit', '2024-10-14 16:30:45', 'sql']]",PA - In Transit
C1770093,"[['PA - In Transit', '2024-10-14 10:31:00', 'Admin'], ['PA - In Transit', '2024-10-14 16:30:45', 'sql']]",PA - In Transit
N1636403,"[['PA - In Transit', '2024-10-14 16:30:45', 'sql']]",PA - In Transit
C1770094,"[['PA - In Transit', '2024-10-14 10:31:00', 'Admin'], ['PA - In Transit', '2024-10-14 16:30:45', 'sql']]",PA - In Transit
N1636402,"[['PA - In Transit', '2024-10-14 10:31:00', 'Admin'], ['PA - In Transit', '2024-10-14 16:30:45', 'sql']]",PA - In Transit
C1770092,"[['PA - In Transit', '2024-10-14 10:31:00', 'Admin'], ['PA - In Transit', '2024-10-14 16:30:45', 'sql']]",PA - In Transit
C1770091,"[['PA - In Transit', '2024-10-14 10:31:00', 'Admin'], ['PA - In Transit', '2024-10-14 16:30:45', 'sql']]",PA - In Transit
C1770086,"[['PA - In Transit', '2024-10-14 10:31:00', 'Admin'], ['PA - In Transit', '2024-10-14 16:30:45', 'sql']]",PA - In Transit
N1636401,"[['PA - In Transit', '2024-10-14 10:31:00', 'Admin'], ['PA - In Transit', '2024-10-14 16:30:45', 'sql']]",PA - In Transit
C1770077,"[['PA - In Transit', '2024-10-14 10:31:00', 'Admin'], ['PA - In Transit', '2024-10-14 16:30:45', 'sql']]",PA - In Transit
C1770085,"[['PA - In Transit', '2024-10-14 10:31:00', 'Admin'], ['PA - In Transit', '2024-10-14 16:30:45', 'sql']]",PA - In Transit
N1636400,"[['PA - In Transit', '2024-10-14 10:31:00', 'Admin'], ['PA - In Transit', '2024-10-14 16:30:45', 'sql']]",PA - In Transit
C1770076,"[['PA - In Transit', '2024-10-14 10:31:00', 'Admin'], ['PA - In Transit', '2024-10-14 16:30:45', 'sql']]",PA - In Transit
C1770084,"[['PA - In Transit', '2024-10-14 10:31:00', 'Admin'], ['PA - In Transit', '2024-10-14 16:30:45', 'sql']]",PA - In Transit
C1770079,"[['PA - In Transit', '2024-10-14 10:31:00', 'Admin'], ['PA - In Transit', '2024-10-14 16:30:45', 'sql']]",PA - In Transit
N1636399,"[['PA - In Transit', '2024-10-14 10:31:25', 'Admin'], ['PA - In Transit', '2024-10-14 16:30:45', 'sql']]",PA - In Transit
C1770075,"[['PA - In Transit', '2024-10-14 10:31:25', 'Admin'], ['PA - In Transit', '2024-10-14 16:30:45', 'sql']]",PA - In Transit
C1770074,"[['PA - In Transit', '2024-10-14 10:31:25', 'Admin'], ['PA - In Transit', '2024-10-14 16:30:45', 'sql']]",PA - In Transit
C1770071,"[['PA - In Transit', '2024-10-14 10:31:25', 'Admin'], ['PA - In Transit', '2024-10-14 16:30:45', 'sql']]",PA - In Transit
C1770073,"[['PA - In Transit', '2024-10-14 10:31:25', 'Admin'], ['PA - In Transit', '2024-10-14 16:30:45', 'sql']]",PA - In Transit
C1770083,"[['PA - In Transit', '2024-10-14 10:31:25', 'Admin'], ['PA - In Transit', '2024-10-14 16:30:45', 'sql']]",PA - In Transit
C1770070,"[['PA - In Transit', '2024-10-14 10:31:25', 'Admin'], ['PA - In Transit', '2024-10-14 16:30:45', 'sql']]",PA - In Transit
C1770081,"[['PA - In Transit', '2024-10-14 10:31:25', 'Admin'], ['PA - In Transit', '2024-10-14 16:30:45', 'sql']]",PA - In Transit
C1770082,"[['PA - In Transit', '2024-10-14 10:31:25', 'Admin'], ['PA - In Transit', '2024-10-14 16:30:45', 'sql']]",PA - In Transit
C1770064,"[['PA - In Transit', '2024-10-14 10:31:25', 'Admin'], ['PA - In Transit', '2024-10-14 16:30:45', 'sql']]",PA - In Transit
C1770069,"[['PA - In Transit', '2024-10-14 10:31:25', 'Admin'], ['PA - In Transit', '2024-10-14 16:30:45', 'sql']]",PA - In Transit
C1770072,"[['PA - In Transit', '2024-10-14 10:31:25', 'Admin'], ['PA - In Transit', '2024-10-14 16:30:45', 'sql']]",PA - In Transit
C1770063,"[['PA - In Transit', '2024-10-14 10:31:25', 'Admin'], ['PA - In Transit', '2024-10-14 16:30:45', 'sql']]",PA - In Transit
C1770068,"[['PA - In Transit', '2024-10-14 10:31:25', 'Admin'], ['PA - In Transit', '2024-10-14 16:30:45', 'sql']]",PA - In Transit
C1770062,"[['PA - In Transit', '2024-10-14 10:31:25', 'Admin'], ['PA - In Transit', '2024-10-14 16:30:45', 'sql']]",PA - In Transit
N1636349,"[['PA - In Transit', '2024-10-14 10:31:25', 'Admin'], ['PA - In Transit', '2024-10-14 16:30:45', 'sql']]",PA - In Transit
C1770067,"[['PA - In Transit', '2024-10-14 10:31:25', 'Admin'], ['PA - In Transit', '2024-10-14 16:30:45', 'sql']]",PA - In Transit
N1636310,"[['PA - In Transit', '2024-10-14 16:30:45', 'sql']]",PA - In Transit
C1770045,"[['PA - In Transit', '2024-10-14 10:31:25', 'Admin'], ['PA - In Transit', '2024-10-14 16:30:45', 'sql']]",PA - In Transit
N1636348,"[['PA - In Transit', '2024-10-14 16:30:45', 'sql']]",PA - In Transit
C1770044,"[['PA - In Transit', '2024-10-14 16:30:45', 'sql']]",PA - In Transit
N1636309,"[['PA - In Transit', '2024-10-14 16:30:45', 'sql']]",PA - In Transit
N1636308,"[['PA - In Transit', '2024-10-14 10:31:25', 'Admin'], ['PA - In Transit', '2024-10-14 16:30:45', 'sql']]",PA - In Transit
N1636287,"[['PA - In Transit', '2024-10-14 10:31:25', 'Admin'], ['PA - In Transit', '2024-10-14 16:30:45', 'sql']]",PA - In Transit
N1636296,"[['PA - In Transit', '2024-10-14 10:31:25', 'Admin'], ['PA - In Transit', '2024-10-14 16:30:45', 'sql']]",PA - In Transit
N1636305,"[['PA - In Transit', '2024-10-14 10:31:25', 'Admin'], ['PA - In Transit', '2024-10-14 16:30:45', 'sql']]",PA - In Transit
C1770027,"[['PA - In Transit', '2024-10-14 10:31:25', 'Admin'], ['PA - In Transit', '2024-10-14 16:30:45', 'sql']]",PA - In Transit
N1636307,"[['PA - In Transit', '2024-10-14 16:30:45', 'sql']]",PA - In Transit
N1636306,"[['PA - In Transit', '2024-10-14 10:31:25', 'Admin'], ['PA - In Transit', '2024-10-14 16:30:45', 'sql']]",PA - In Transit
N1636304,"[['PA - In Transit', '2024-10-14 16:30:45', 'sql']]",PA - In Transit
N1636277,"[['PA - In Transit', '2024-10-14 10:31:25', 'Admin'], ['PA - In Transit', '2024-10-14 16:30:45', 'sql']]",PA - In Transit
C1769989,"[['PA - In Transit', '2024-10-14 10:32:54', 'Admin'], ['PA - In Transit', '2024-10-14 16:30:45', 'sql']]",PA - In Transit
C1769983,"[['PA - In Transit', '2024-10-14 10:32:54', 'Admin'], ['PA - In Transit', '2024-10-14 16:30:45', 'sql']]",PA - In Transit
C1769981,"[['PA - In Transit', '2024-10-14 10:32:54', 'Admin'], ['PA - In Transit', '2024-10-14 16:30:45', 'sql']]",PA - In Transit
C1769949,"[['PA - In Transit', '2024-10-14 10:32:54', 'Admin'], ['PA - In Transit', '2024-10-14 16:30:45', 'sql']]",PA - In Transit
C1769935,"[['PA - In Transit', '2024-10-14 10:32:54', 'Admin'], ['PA - In Transit', '2024-10-14 16:30:45', 'sql']]",PA - In Transit
C1769934,"[['PA - In Transit', '2024-10-14 10:32:54', 'Admin'], ['PA - In Transit', '2024-10-14 16:30:45', 'sql']]",PA - In Transit
C1769943,"[['PA - In Transit', '2024-10-14 10:32:54', 'Admin'], ['PA - In Transit', '2024-10-14 16:30:45', 'sql']]",PA - In Transit
C1770021,"[['PA - In Transit', '2024-10-14 10:32:54', 'Admin'], ['PA - In Transit', '2024-10-14 16:30:45', 'sql']]",PA - In Transit
C1769921,"[['PA - In Transit', '2024-10-14 10:32:54', 'Admin'], ['PA - In Transit', '2024-10-14 16:30:45', 'sql']]",PA - In Transit
C1769925,"[['PA - In Transit', '2024-10-14 10:32:54', 'Admin'], ['PA - In Transit', '2024-10-14 16:30:45', 'sql']]",PA - In Transit
C1769915,"[['PA - In Transit', '2024-10-14 10:32:54', 'Admin'], ['PA - In Transit', '2024-10-14 16:30:45', 'sql']]",PA - In Transit
C1769905,"[['PA - In Transit', '2024-10-14 10:32:54', 'Admin'], ['PA - In Transit', '2024-10-14 16:30:45', 'sql']]",PA - In Transit
C1769881,"[['PA - In Transit', '2024-10-14 10:32:54', 'Admin'], ['PA - In Transit', '2024-10-14 16:30:45', 'sql']]",PA - In Transit
C1769880,"[['PA - In Transit', '2024-10-14 10:32:54', 'Admin'], ['PA - In Transit', '2024-10-14 16:30:45', 'sql']]",PA - In Transit
C1769867,"[['PA - In Transit', '2024-10-14 16:30:45', 'sql']]",PA - In Transit
C1769866,"[['PA - In Transit', '2024-10-14 16:30:45', 'sql']]",PA - In Transit
C1769850,"[['PA - In Transit', '2024-10-14 10:32:54', 'Admin'], ['PA - In Transit', '2024-10-14 16:30:45', 'sql']]",PA - In Transit
C1769834,"[['PA - In Transit', '2024-10-14 10:32:54', 'Admin'], ['PA - In Transit', '2024-10-14 16:30:45', 'sql']]",PA - In Transit
C1769846,"[['PA - In Transit', '2024-10-14 10:32:54', 'Admin'], ['PA - In Transit', '2024-10-14 16:30:45', 'sql']]",PA - In Transit
C1769838,"[['PA - In Transit', '2024-10-14 10:32:54', 'Admin'], ['PA - In Transit', '2024-10-14 16:30:45', 'sql']]",PA - In Transit
C1769831,"[['PA - In Transit', '2024-10-14 10:32:54', 'Admin'], ['PA - In Transit', '2024-10-14 16:30:45', 'sql']]",PA - In Transit
C1769816,"[['PA - In Transit', '2024-10-14 10:32:54', 'Admin'], ['PA - In Transit', '2024-10-14 16:30:45', 'sql']]",PA - In Transit
C1769802,"[['PA - In Transit', '2024-10-14 10:32:54', 'Admin'], ['PA - In Transit', '2024-10-14 16:30:45', 'sql']]",PA - In Transit
N1635987,"[['PA - In Transit', '2024-10-14 10:32:54', 'Admin'], ['PA - In Transit', '2024-10-14 16:30:45', 'sql']]",PA - In Transit
N1635983,"[['PA - In Transit', '2024-10-14 10:32:54', 'Admin'], ['PA - In Transit', '2024-10-14 16:30:45', 'sql']]",PA - In Transit
N1635986,"[['PA - In Transit', '2024-10-14 10:32:54', 'Admin'], ['PA - In Transit', '2024-10-14 16:30:45', 'sql']]",PA - In Transit
N1635985,"[['PA - In Transit', '2024-10-14 10:32:54', 'Admin'], ['PA - In Transit', '2024-10-14 16:30:45', 'sql']]",PA - In Transit
N1635984,"[['PA - In Transit', '2024-10-14 16:30:45', 'sql']]",PA - In Transit
N1635982,"[['PA - In Transit', '2024-10-14 16:30:45', 'sql']]",PA - In Transit
N1635981,"[['PA - In Transit', '2024-10-14 16:30:45', 'sql']]",PA - In Transit
N1635978,"[['PA - In Transit', '2024-10-14 16:30:45', 'sql']]",PA - In Transit
N1635979,"[['PA - In Transit', '2024-10-14 16:30:45', 'sql']]",PA - In Transit
N1635976,"[['PA - In Transit', '2024-10-14 16:30:45', 'sql']]",PA - In Transit
N1635974,"[['PA - In Transit', '2024-10-14 16:30:45', 'sql']]",PA - In Transit
N1635973,"[['PA - In Transit', '2024-10-14 16:30:45', 'sql']]",PA - In Transit
N1635972,"[['PA - In Transit', '2024-10-14 16:30:45', 'sql']]",PA - In Transit
C1769777,"[['PA - In Transit', '2024-10-14 16:30:45', 'sql']]",PA - In Transit
N1635950,"[['PA - In Transit', '2024-10-14 16:30:45', 'sql']]",PA - In Transit
N1635948,"[['PA - In Transit', '2024-10-14 16:30:45', 'sql']]",PA - In Transit
N1635945,"[['PA - In Transit', '2024-10-14 16:30:45', 'sql']]",PA - In Transit
C1769776,"[['PA - In Transit', '2024-10-14 16:30:45', 'sql']]",PA - In Transit
C1769780,"[['PA - In Transit', '2024-10-14 16:30:45', 'sql']]",PA - In Transit
C1769779,"[['PA - In Transit', '2024-10-14 16:30:45', 'sql']]",PA - In Transit
N1635944,"[['PA - In Transit', '2024-10-14 16:30:45', 'sql']]",PA - In Transit
C1769760,"[['PA - In Transit', '2024-10-14 16:30:45', 'sql']]",PA - In Transit
N1635943,"[['PA - In Transit', '2024-10-14 16:30:45', 'sql']]",PA - In Transit
C1769759,"[['PA - In Transit', '2024-10-14 16:30:45', 'sql']]",PA - In Transit
N1635942,"[['PA - In Transit', '2024-10-14 16:30:45', 'sql']]",PA - In Transit
C1769757,"[['PA - In Transit', '2024-10-14 16:30:45', 'sql']]",PA - In Transit
C1769758,"[['PA - In Transit', '2024-10-14 16:30:45', 'sql']]",PA - In Transit
N1635940,"[['PA - In Transit', '2024-10-14 16:30:45', 'sql']]",PA - In Transit
C1769756,"[['PA - In Transit', '2024-10-14 16:30:45', 'sql']]",PA - In Transit
C1769755,"[['PA - In Transit', '2024-10-14 16:30:45', 'sql']]",PA - In Transit
C1769754,"[['PA - In Transit', '2024-10-14 16:30:45', 'sql']]",PA - In Transit
N1635938,"[['PA - In Transit', '2024-10-14 16:30:45', 'sql']]",PA - In Transit
C1769753,"[['PA - In Transit', '2024-10-14 16:30:45', 'sql']]",PA - In Transit
N1635937,"[['PA - In Transit', '2024-10-14 16:30:45', 'sql']]",PA - In Transit
N1635933,"[['PA - In Transit', '2024-10-14 16:30:45', 'sql']]",PA - In Transit
N1635935,"[['PA - In Transit', '2024-10-14 16:30:45', 'sql']]",PA - In Transit
N1635934,"[['PA - In Transit', '2024-10-14 16:30:45', 'sql']]",PA - In Transit
N1635932,"[['PA - In Transit', '2024-10-14 16:30:45', 'sql']]",PA - In Transit
N1635936,"[['PA - In Transit', '2024-10-14 16:30:45', 'sql']]",PA - In Transit
N1635930,"[['PA - In Transit', '2024-10-14 16:30:45', 'sql']]",PA - In Transit
N1635928,"[['PA - In Transit', '2024-10-14 16:30:45', 'sql']]",PA - In Transit
N1635929,"[['PA - In Transit', '2024-10-14 16:30:45', 'sql']]",PA - In Transit
C1769751,"[['PA - In Transit', '2024-10-14 16:30:45', 'sql']]",PA - In Transit
N1635927,"[['PA - In Transit', '2024-10-14 16:30:45', 'sql']]",PA - In Transit
N1635926,"[['PA - In Transit', '2024-10-14 16:30:45', 'sql']]",PA - In Transit
N1635925,"[['PA - In Transit', '2024-10-14 16:30:45', 'sql']]",PA - In Transit
C1769750,"[['PA - In Transit', '2024-10-14 16:30:45', 'sql']]",PA - In Transit
C1769749,"[['PA - In Transit', '2024-10-14 16:30:45', 'sql']]",PA - In Transit
N1635894,"[['PA - In Transit', '2024-10-14 16:30:45', 'sql']]",PA - In Transit
N1635893,"[['PA - In Transit', '2024-10-14 16:30:45', 'sql']]",PA - In Transit
N1635891,"[['PA - In Transit', '2024-10-14 16:30:45', 'sql']]",PA - In Transit
C1769747,"[['PA - In Transit', '2024-10-14 16:30:45', 'sql']]",PA - In Transit
C1769741,"[['PA - In Transit', '2024-10-14 16:30:45', 'sql']]",PA - In Transit
C1769746,"[['PA - In Transit', '2024-10-14 16:30:45', 'sql']]",PA - In Transit
C1769745,"[['NA', 'NA', 'NA']]",PA - In Transit
C1769744,"[['PA - In Transit', '2024-10-14 16:30:45', 'sql']]",PA - In Transit
N1635889,"[['PA - In Transit', '2024-10-14 16:30:45', 'sql']]",PA - In Transit
N1635892,"[['PA - In Transit', '2024-10-14 16:30:45', 'sql']]",PA - In Transit
C1769743,"[['PA - In Transit', '2024-10-14 16:30:45', 'sql']]",PA - In Transit
N1635888,"[['PA - In Transit', '2024-10-14 16:30:45', 'sql']]",PA - In Transit
C1769720,"[['PA - In Transit', '2024-10-14 16:30:45', 'sql']]",PA - In Transit
N1635887,"[['PA - In Transit', '2024-10-14 16:30:45', 'sql']]",PA - In Transit
N1635886,"[['PA - In Transit', '2024-10-14 16:30:45', 'sql']]",PA - In Transit
N1635883,"[['PA - In Transit', '2024-10-14 16:30:45', 'sql']]",PA - In Transit
N1635884,"[['PA - In Transit', '2024-10-14 16:30:45', 'sql']]",PA - In Transit
C1769713,"[['PA - In Transit', '2024-10-14 16:30:45', 'sql']]",PA - In Transit
C1769714,"[['PA - In Transit', '2024-10-14 16:30:45', 'sql']]",PA - In Transit
N1635881,"[['PA - In Transit', '2024-10-14 16:30:45', 'sql']]",PA - In Transit
N1635880,"[['PA - In Transit', '2024-10-14 16:30:45', 'sql']]",PA - In Transit
C1769712,"[['PA - In Transit', '2024-10-14 16:30:45', 'sql']]",PA - In Transit
N1635877,"[['PA - In Transit', '2024-10-14 16:30:45', 'sql']]",PA - In Transit
N1635879,"[['PA - In Transit', '2024-10-14 16:30:45', 'sql']]",PA - In Transit
C1769711,"[['PA - In Transit', '2024-10-14 16:30:45', 'sql']]",PA - In Transit
N1635876,"[['PA - In Transit', '2024-10-14 16:30:45', 'sql']]",PA - In Transit
C1769709,"[['PA - In Transit', '2024-10-14 16:30:45', 'sql']]",PA - In Transit
N1635847,"[['PA - In Transit', '2024-10-14 16:30:45', 'sql']]",PA - In Transit
C1769710,"[['PA - In Transit', '2024-10-14 16:30:45', 'sql']]",PA - In Transit
N1635848,"[['PA - In Transit', '2024-10-14 16:30:45', 'sql']]",PA - In Transit
N1635849,"[['PA - In Transit', '2024-10-14 16:30:45', 'sql']]",PA - In Transit
C1769716,"[['PA - In Transit', '2024-10-14 16:30:45', 'sql']]",PA - In Transit
C1769701,"[['PA - In Transit', '2024-10-14 16:30:45', 'sql']]",PA - In Transit
N1635846,"[['PA - In Transit', '2024-10-14 16:30:45', 'sql']]",PA - In Transit
C1769700,"[['PA - In Transit', '2024-10-14 16:30:45', 'sql']]",PA - In Transit
N1635845,"[['PA - In Transit', '2024-10-14 16:30:45', 'sql']]",PA - In Transit
C1769707,"[['PA - In Transit', '2024-10-14 16:30:45', 'sql']]",PA - In Transit
C1769708,"[['PA - In Transit', '2024-10-14 16:30:45', 'sql']]",PA - In Transit
N1635844,"[['PA - In Transit', '2024-10-14 16:30:45', 'sql']]",PA - In Transit
C1769706,"[['PA - In Transit', '2024-10-14 16:30:45', 'sql']]",PA - In Transit
N1635843,"[['PA - In Transit', '2024-10-14 16:30:45', 'sql']]",PA - In Transit
C1769761,"[['PA - In Transit', '2024-10-14 16:30:45', 'sql']]",PA - In Transit
N1635839,"[['PA - In Transit', '2024-10-14 16:30:45', 'sql']]",PA - In Transit
N1635837,"[['PA - In Transit', '2024-10-14 16:30:45', 'sql']]",PA - In Transit
N1635836,"[['PA - In Transit', '2024-10-14 16:30:45', 'sql']]",PA - In Transit
C1769687,"[['PA - In Transit', '2024-10-14 16:30:45', 'sql']]",PA - In Transit
C1769683,"[['PA - In Transit', '2024-10-14 16:30:45', 'sql']]",PA - In Transit
C1769682,"[['PA - In Transit', '2024-10-14 16:30:45', 'sql']]",PA - In Transit
C1769681,"[['PA - In Transit', '2024-10-14 16:30:45', 'sql']]",PA - In Transit
C1769680,"[['PA - In Transit', '2024-10-14 16:30:45', 'sql']]",PA - In Transit
C1769678,"[['PA - In Transit', '2024-10-14 16:30:45', 'sql']]",PA - In Transit
C1769677,"[['PA - In Transit', '2024-10-14 16:30:45', 'sql']]",PA - In Transit
C1769673,"[['PA - In Transit', '2024-10-14 16:30:45', 'sql']]",PA - In Transit
N1635780,"[['PA - In Transit', '2024-10-14 16:30:45', 'sql']]",PA - In Transit
C1769651,"[['PA - In Transit', '2024-10-14 16:30:45', 'sql']]",PA - In Transit
C1769650,"[['PA - In Transit', '2024-10-14 16:30:45', 'sql']]",PA - In Transit
C1769632,"[['PA - In Transit', '2024-10-14 16:30:45', 'sql']]",PA - In Transit
C1769605,"[['PA - In Transit', '2024-10-14 16:30:45', 'sql']]",PA - In Transit
W702267,"[['PA - In Transit', '2024-10-14 16:30:45', 'sql']]",PA - In Transit
N1635727,"[['PA - In Transit', '2024-10-14 16:30:45', 'sql']]",PA - In Transit
N1635730,"[['PA - In Transit', '2024-10-14 16:30:45', 'sql']]",PA - In Transit
N1635729,"[['PA - In Transit', '2024-10-14 16:30:45', 'sql']]",PA - In Transit
N1635728,"[['PA - In Transit', '2024-10-14 16:30:45', 'sql']]",PA - In Transit
C1769596,"[['PA - In Transit', '2024-10-14 16:30:45', 'sql']]",PA - In Transit
N1635696,"[['PA - In Transit', '2024-10-14 16:30:45', 'sql']]",PA - In Transit
N1635695,"[['PA - In Transit', '2024-10-14 16:30:45', 'sql']]",PA - In Transit
N1635693,"[['PA - In Transit', '2024-10-14 16:30:45', 'sql']]",PA - In Transit
N1635717,"[['PA - In Transit', '2024-10-14 16:30:45', 'sql']]",PA - In Transit
C1769583,"[['PA - In Transit', '2024-10-14 16:30:45', 'sql']]",PA - In Transit
N1635685,"[['PA - In Transit', '2024-10-14 16:30:45', 'sql']]",PA - In Transit
N1635684,"[['PA - In Transit', '2024-10-14 16:30:45', 'sql']]",PA - In Transit
C1769553,"[['PA - In Transit', '2024-10-14 16:30:45', 'sql']]",PA - In Transit
C1769573,"[['PA - In Transit', '2024-10-14 16:30:45', 'sql']]",PA - In Transit
C1769567,"[['PA - In Transit', '2024-10-14 16:30:45', 'sql']]",PA - In Transit
C1769564,"[['PA - In Transit', '2024-10-14 16:30:45', 'sql']]",PA - In Transit
N1635875,"[['PA - In Transit', '2024-10-14 16:30:45', 'sql']]",PA - In Transit
C1769556,"[['PA - In Transit', '2024-10-14 16:30:45', 'sql']]",PA - In Transit
C1769528,"[['PA - In Transit', '2024-10-14 16:30:45', 'sql']]",PA - In Transit
C1769525,"[['PA - In Transit', '2024-10-14 16:30:45', 'sql']]",PA - In Transit
C1769522,"[['PA - In Transit', '2024-10-14 16:30:45', 'sql']]",PA - In Transit
C1769516,"[['PA - In Transit', '2024-10-14 16:30:45', 'sql']]",PA - In Transit
N1635890,"[['PA - In Transit', '2024-10-14 16:30:45', 'sql']]",PA - In Transit
C1769488,"[['PA - In Transit', '2024-10-14 16:30:45', 'sql']]",PA - In Transit
C1769482,"[['PA - In Transit', '2024-10-14 16:30:45', 'sql']]",PA - In Transit
C1769476,"[['PA - In Transit', '2024-10-14 16:30:45', 'sql']]",PA - In Transit
C1769472,"[['PA - In Transit', '2024-10-14 16:30:45', 'sql']]",PA - In Transit
N1635553,"[['PA - In Transit', '2024-10-14 16:30:45', 'sql']]",PA - In Transit
C1769454,"[['PA - In Transit', '2024-10-14 16:30:45', 'sql']]",PA - In Transit
C1769451,"[['PA - In Transit', '2024-10-14 16:30:45', 'sql']]",PA - In Transit
N1635551,"[['PA - In Transit', '2024-10-14 16:30:45', 'sql']]",PA - In Transit
C1769449,"[['PA - In Transit', '2024-10-14 16:30:45', 'sql']]",PA - In Transit
N1635550,"[['PA - In Transit', '2024-10-14 16:30:45', 'sql']]",PA - In Transit
N1635548,"[['PA - In Transit', '2024-10-14 16:30:45', 'sql']]",PA - In Transit
N1635549,"[['PA - In Transit', '2024-10-14 16:30:45', 'sql']]",PA - In Transit
C1769447,"[['PA - In Transit', '2024-10-14 16:30:45', 'sql']]",PA - In Transit
C1769445,"[['PA - In Transit', '2024-10-14 16:30:45', 'sql']]",PA - In Transit
C1769426,"[['PA - In Transit', '2024-10-14 16:30:45', 'sql']]",PA - In Transit
N1635514,"[['PA - In Transit', '2024-10-14 16:30:45', 'sql']]",PA - In Transit
N1635513,"[['PA - In Transit', '2024-10-14 16:30:45', 'sql']]",PA - In Transit
N1635512,"[['PA - In Transit', '2024-10-14 16:30:45', 'sql']]",PA - In Transit
N1635510,"[['PA - In Transit', '2024-10-14 16:30:45', 'sql']]",PA - In Transit
N1635511,"[['PA - In Transit', '2024-10-14 16:30:45', 'sql']]",PA - In Transit
C1769431,"[['PA - In Transit', '2024-10-14 16:30:45', 'sql']]",PA - In Transit
C1769430,"[['PA - In Transit', '2024-10-14 16:30:45', 'sql']]",PA - In Transit
C1769429,"[['PA - In Transit', '2024-10-14 16:30:45', 'sql']]",PA - In Transit
C1769428,"[['PA - In Transit', '2024-10-14 16:30:45', 'sql']]",PA - In Transit
N1635509,"[['PA - In Transit', '2024-10-14 16:30:45', 'sql']]",PA - In Transit
C1769415,"[['PA - In Transit', '2024-10-14 16:30:45', 'sql']]",PA - In Transit
C1769414,"[['PA - In Transit', '2024-10-14 16:30:45', 'sql']]",PA - In Transit
N1635508,"[['PA - In Transit', '2024-10-14 16:30:45', 'sql']]",PA - In Transit
C1769413,"[['PA - In Transit', '2024-10-14 16:30:45', 'sql']]",PA - In Transit
C1769412,"[['PA - In Transit', '2024-10-14 16:30:45', 'sql']]",PA - In Transit
N1635507,"[['PA - In Transit', '2024-10-14 16:30:45', 'sql']]",PA - In Transit
C1769411,"[['PA - In Transit', '2024-10-14 16:30:45', 'sql']]",PA - In Transit
C1769410,"[['PA - In Transit', '2024-10-14 16:30:45', 'sql']]",PA - In Transit
N1635473,"[['PA - In Transit', '2024-10-14 16:30:45', 'sql']]",PA - In Transit
N1635472,"[['PA - In Transit', '2024-10-14 16:30:45', 'sql']]",PA - In Transit
N1635471,"[['PA - In Transit', '2024-10-14 16:30:45', 'sql']]",PA - In Transit
N1635470,"[['PA - In Transit', '2024-10-14 16:30:45', 'sql']]",PA - In Transit
N1635469,"[['PA - In Transit', '2024-10-14 16:30:45', 'sql']]",PA - In Transit
C1769409,"[['PA - In Transit', '2024-10-14 16:30:45', 'sql']]",PA - In Transit
C1769408,"[['PA - In Transit', '2024-10-14 16:30:45', 'sql']]",PA - In Transit
C1769407,"[['PA - In Transit', '2024-10-14 16:30:45', 'sql']]",PA - In Transit
N1635467,"[['PA - In Transit', '2024-10-14 16:30:45', 'sql']]",PA - In Transit
N1635468,"[['PA - In Transit', '2024-10-14 16:30:45', 'sql']]",PA - In Transit
C1769406,"[['PA - In Transit', '2024-10-14 16:30:45', 'sql']]",PA - In Transit
W702261,"[['PA - In Transit', '2024-10-14 16:30:45', 'sql']]",PA - In Transit
C1769405,"[['PA - In Transit', '2024-10-14 16:30:45', 'sql']]",PA - In Transit
N1635466,"[['PA - In Transit', '2024-10-14 16:30:45', 'sql']]",PA - In Transit
N1635465,"[['PA - In Transit', '2024-10-14 16:30:45', 'sql']]",PA - In Transit
N1635464,"[['PA - In Transit', '2024-10-14 16:30:45', 'sql']]",PA - In Transit
C1769401,"[['PA - In Transit', '2024-10-14 16:30:45', 'sql']]",PA - In Transit
N1635462,"[['PA - In Transit', '2024-10-14 16:30:45', 'sql']]",PA - In Transit
N1635463,"[['PA - In Transit', '2024-10-14 16:30:45', 'sql']]",PA - In Transit
N1635461,"[['PA - In Transit', '2024-10-14 16:30:45', 'sql']]",PA - In Transit
W702260,"[['PA - In Transit', '2024-10-14 16:30:45', 'sql']]",PA - In Transit
N1635433,"[['PA - In Transit', '2024-10-14 16:30:45', 'sql']]",PA - In Transit
N1635432,"[['PA - In Transit', '2024-10-14 16:30:45', 'sql']]",PA - In Transit
N1635431,"[['PA - In Transit', '2024-10-14 16:30:45', 'sql']]",PA - In Transit
N1635430,"[['PA - In Transit', '2024-10-14 16:30:45', 'sql']]",PA - In Transit
W702259,"[['PA - In Transit', '2024-10-14 16:30:45', 'sql']]",PA - In Transit
C1769399,"[['PA - In Transit', '2024-10-14 16:30:45', 'sql']]",PA - In Transit
N1635429,"[['PA - In Transit', '2024-10-14 16:30:45', 'sql']]",PA - In Transit
C1769395,"[['PA - In Transit', '2024-10-14 16:30:45', 'sql']]",PA - In Transit
C1769389,"[['PA - In Transit', '2024-10-14 16:30:45', 'sql']]",PA - In Transit
C1769388,"[['PA - In Transit', '2024-10-14 16:30:45', 'sql']]",PA - In Transit
N1635427,"[['PA - In Transit', '2024-10-14 16:30:45', 'sql']]",PA - In Transit
C1769387,"[['PA - In Transit', '2024-10-14 16:30:45', 'sql']]",PA - In Transit
N1635400,"[['PA - In Transit', '2024-10-14 16:30:45', 'sql']]",PA - In Transit
N1635385,"[['PA - In Transit', '2024-10-14 16:30:45', 'sql']]",PA - In Transit
N1635384,"[['PA - In Transit', '2024-10-14 16:30:45', 'sql']]",PA - In Transit
N1635373,"[['PA - In Transit', '2024-10-14 16:30:45', 'sql']]",PA - In Transit
C1769377,"[['PA - In Transit', '2024-10-14 16:30:45', 'sql']]",PA - In Transit
C1769376,"[['PA - In Transit', '2024-10-14 16:30:45', 'sql']]",PA - In Transit
W702253,"[['PA - In Transit', '2024-10-14 16:30:45', 'sql']]",PA - In Transit
C1769370,"[['PA - In Transit', '2024-10-14 16:30:45', 'sql']]",PA - In Transit
W702258,"[['PA - In Transit', '2024-10-14 16:30:45', 'sql']]",PA - In Transit
C1769369,"[['PA - In Transit', '2024-10-14 16:30:45', 'sql']]",PA - In Transit
C1769368,"[['PA - In Transit', '2024-10-14 16:30:45', 'sql']]",PA - In Transit
C1769364,"[['PA - In Transit', '2024-10-14 16:30:45', 'sql']]",PA - In Transit
C1769363,"[['PA - In Transit', '2024-10-14 16:30:45', 'sql']]",PA - In Transit
C1769362,"[['PA - In Transit', '2024-10-14 16:30:45', 'sql']]",PA - In Transit
C1769360,"[['PA - In Transit', '2024-10-14 16:30:45', 'sql']]",PA - In Transit
C1769359,"[['PA - In Transit', '2024-10-14 16:30:45', 'sql']]",PA - In Transit
C1769350,"[['PA - In Transit', '2024-10-14 16:30:45', 'sql']]",PA - In Transit
C1769348,"[['PA - In Transit', '2024-10-14 16:30:45', 'sql']]",PA - In Transit
C1769347,"[['PA - In Transit', '2024-10-14 16:30:45', 'sql']]",PA - In Transit
C1769349,"[['PA - In Transit', '2024-10-14 16:30:45', 'sql']]",PA - In Transit
C1769339,"[['PA - In Transit', '2024-10-14 16:30:45', 'sql']]",PA - In Transit
C1769338,"[['PA - In Transit', '2024-10-14 16:30:45', 'sql']]",PA - In Transit
C1769337,"[['PA - In Transit', '2024-10-14 16:30:45', 'sql']]",PA - In Transit
C1769336,"[['PA - In Transit', '2024-10-14 16:30:45', 'sql']]",PA - In Transit
C1769335,"[['PA - In Transit', '2024-10-14 16:30:45', 'sql']]",PA - In Transit
W702256,"[['PA - In Transit', '2024-10-14 16:30:45', 'sql']]",PA - In Transit
N1635295,"[['PA - In Transit', '2024-10-14 16:30:45', 'sql']]",PA - In Transit
C1769328,"[['PA - In Transit', '2024-10-14 16:30:45', 'sql']]",PA - In Transit
N1635293,"[['PA - In Transit', '2024-10-14 16:30:45', 'sql']]",PA - In Transit
N1635607,"[['PA - In Transit', '2024-10-14 16:30:45', 'sql']]",PA - In Transit
N1635291,"[['PA - In Transit', '2024-10-14 16:30:45', 'sql']]",PA - In Transit
C1769327,"[['PA - In Transit', '2024-10-14 16:30:45', 'sql']]",PA - In Transit
C1769326,"[['PA - In Transit', '2024-10-14 16:30:45', 'sql']]",PA - In Transit
W702257,"[['PA - In Transit', '2024-10-14 16:30:45', 'sql']]",PA - In Transit
C1769325,"[['PA - In Transit', '2024-10-14 16:30:45', 'sql']]",PA - In Transit
N1635292,"[['PA - In Transit', '2024-10-14 16:30:45', 'sql']]",PA - In Transit
N1635277,"[['PA - In Transit', '2024-10-14 16:30:45', 'sql']]",PA - In Transit
N1635278,"[['PA - In Transit', '2024-10-14 16:30:45', 'sql']]",PA - In Transit
C1769324,"[['PA - In Transit', '2024-10-14 16:30:45', 'sql']]",PA - In Transit
C1769322,"[['PA - In Transit', '2024-10-14 16:30:45', 'sql']]",PA - In Transit
C1769323,"[['PA - In Transit', '2024-10-14 16:30:45', 'sql']]",PA - In Transit
C1769321,"[['PA - In Transit', '2024-10-14 16:30:45', 'sql']]",PA - In Transit
C1769320,"[['PA - In Transit', '2024-10-14 16:30:45', 'sql']]",PA - In Transit
N1635276,"[['PA - In Transit', '2024-10-14 16:30:45', 'sql']]",PA - In Transit
W702255,"[['PA - In Transit', '2024-10-14 16:30:45', 'sql']]",PA - In Transit
N1635275,"[['PA - In Transit', '2024-10-14 16:30:45', 'sql']]",PA - In Transit
C1769318,"[['PA - In Transit', '2024-10-14 16:30:45', 'sql']]",PA - In Transit
C1769315,"[['PA - In Transit', '2024-10-14 16:30:45', 'sql']]",PA - In Transit
C1769316,"[['PA - In Transit', '2024-10-14 16:30:45', 'sql']]",PA - In Transit
C1769317,"[['PA - In Transit', '2024-10-14 16:30:45', 'sql']]",PA - In Transit
N1635274,"[['PA - In Transit', '2024-10-14 16:30:45', 'sql']]",PA - In Transit
C1769314,"[['PA - In Transit', '2024-10-14 16:30:45', 'sql']]",PA - In Transit
C1769312,"[['PA - In Transit', '2024-10-14 16:30:45', 'sql']]",PA - In Transit
W702254,"[['PA - In Transit', '2024-10-14 16:30:45', 'sql']]",PA - In Transit
C1769313,"[['PA - In Transit', '2024-10-14 16:30:45', 'sql']]",PA - In Transit
C1769303,"[['PA - In Transit', '2024-10-14 16:30:45', 'sql']]",PA - In Transit
N1635272,"[['PA - In Transit', '2024-10-14 16:30:45', 'sql']]",PA - In Transit
N1635271,"[['PA - In Transit', '2024-10-14 16:30:45', 'sql']]",PA - In Transit
C1769301,"[['PA - In Transit', '2024-10-14 16:30:45', 'sql']]",PA - In Transit
C1769299,"[['PA - In Transit', '2024-10-14 16:30:45', 'sql']]",PA - In Transit
C1769300,"[['PA - In Transit', '2024-10-14 16:30:45', 'sql']]",PA - In Transit
C1769298,"[['PA - In Transit', '2024-10-14 16:30:45', 'sql']]",PA - In Transit
N1635248,"[['PA - In Transit', '2024-10-14 16:30:45', 'sql']]",PA - In Transit
C1769297,"[['PA - In Transit', '2024-10-14 16:30:45', 'sql']]",PA - In Transit
C1769296,"[['PA - In Transit', '2024-10-14 16:30:45', 'sql']]",PA - In Transit
C1769295,"[['PA - In Transit', '2024-10-14 16:30:45', 'sql']]",PA - In Transit
N1635245,"[['PA - In Transit', '2024-10-14 16:30:45', 'sql']]",PA - In Transit
C1769294,"[['PA - In Transit', '2024-10-14 16:30:45', 'sql']]",PA - In Transit
N1635247,"[['PA - In Transit', '2024-10-14 16:30:45', 'sql']]",PA - In Transit
N1635244,"[['PA - In Transit', '2024-10-14 16:30:45', 'sql']]",PA - In Transit
C1769293,"[['PA - In Transit', '2024-10-14 16:30:45', 'sql']]",PA - In Transit
C1769292,"[['PA - In Transit', '2024-10-14 16:30:45', 'sql']]",PA - In Transit
N1635243,"[['PA - In Transit', '2024-10-14 16:30:45', 'sql']]",PA - In Transit
N1635242,"[['PA - In Transit', '2024-10-14 16:30:45', 'sql']]",PA - In Transit
C1769290,"[['PA - In Transit', '2024-10-14 16:30:45', 'sql']]",PA - In Transit
C1769291,"[['PA - In Transit', '2024-10-14 16:30:45', 'sql']]",PA - In Transit
C1769261,"[['PA - In Transit', '2024-10-14 16:30:45', 'sql']]",PA - In Transit
C1769280,"[['PA - In Transit', '2024-10-14 16:30:45', 'sql']]",PA - In Transit
N1635241,"[['PA - In Transit', '2024-10-14 16:30:45', 'sql']]",PA - In Transit
C1769278,"[['PA - In Transit', '2024-10-14 16:30:45', 'sql']]",PA - In Transit
N1635240,"[['PA - In Transit', '2024-10-14 16:30:45', 'sql']]",PA - In Transit
N1635239,"[['PA - In Transit', '2024-10-14 16:30:45', 'sql']]",PA - In Transit
N1635238,"[['PA - In Transit', '2024-10-14 16:30:45', 'sql']]",PA - In Transit
N1635237,"[['PA - In Transit', '2024-10-14 16:30:45', 'sql']]",PA - In Transit
C1769276,"[['PA - In Transit', '2024-10-14 16:30:45', 'sql']]",PA - In Transit
N1635236,"[['PA - In Transit', '2024-10-14 16:30:45', 'sql']]",PA - In Transit
C1769277,"[['PA - In Transit', '2024-10-14 16:30:45', 'sql']]",PA - In Transit
N1635214,"[['PA - In Transit', '2024-10-14 16:30:45', 'sql']]",PA - In Transit
C1769275,"[['PA - In Transit', '2024-10-14 16:30:45', 'sql']]",PA - In Transit
C1769273,"[['PA - In Transit', '2024-10-14 16:30:45', 'sql']]",PA - In Transit
C1769274,"[['PA - In Transit', '2024-10-14 16:30:45', 'sql']]",PA - In Transit
N1635213,"[['PA - In Transit', '2024-10-14 16:30:45', 'sql']]",PA - In Transit
C1769272,"[['PA - In Transit', '2024-10-14 16:30:45', 'sql']]",PA - In Transit
N1635212,"[['PA - In Transit', '2024-10-14 16:30:45', 'sql']]",PA - In Transit
C1769271,"[['PA - In Transit', '2024-10-14 16:30:45', 'sql']]",PA - In Transit
N1635211,"[['PA - In Transit', '2024-10-14 16:30:45', 'sql']]",PA - In Transit
N1635210,"[['PA - In Transit', '2024-10-14 16:30:45', 'sql']]",PA - In Transit
C1769270,"[['PA - In Transit', '2024-10-14 16:30:45', 'sql']]",PA - In Transit
C1769269,"[['PA - In Transit', '2024-10-14 16:30:45', 'sql']]",PA - In Transit
C1769268,"[['PA - In Transit', '2024-10-14 16:30:45', 'sql']]",PA - In Transit
C1769266,"[['PA - In Transit', '2024-10-14 16:30:45', 'sql']]",PA - In Transit
C1769267,"[['PA - In Transit', '2024-10-14 16:30:45', 'sql']]",PA - In Transit
C1769265,"[['PA - In Transit', '2024-10-14 16:30:45', 'sql']]",PA - In Transit
N1635208,"[['PA - In Transit', '2024-10-14 16:30:45', 'sql']]",PA - In Transit
C1769264,"[['PA - In Transit', '2024-10-14 16:30:45', 'sql']]",PA - In Transit
N1635207,"[['PA - In Transit', '2024-10-14 16:30:45', 'sql']]",PA - In Transit
N1635205,"[['PA - In Transit', '2024-10-14 16:30:45', 'sql']]",PA - In Transit
N1635206,"[['PA - In Transit', '2024-10-14 16:30:45', 'sql']]",PA - In Transit
C1769262,"[['PA - In Transit', '2024-10-14 16:30:45', 'sql']]",PA - In Transit
C1769246,"[['PA - In Transit', '2024-10-14 16:30:45', 'sql']]",PA - In Transit
N1635204,"[['PA - In Transit', '2024-10-14 16:30:45', 'sql']]",PA - In Transit
C1769245,"[['PA - In Transit', '2024-10-14 16:30:45', 'sql']]",PA - In Transit
C1769263,"[['PA - In Transit', '2024-10-14 16:30:45', 'sql']]",PA - In Transit
C1769244,"[['PA - In Transit', '2024-10-14 16:30:45', 'sql']]",PA - In Transit
N1635203,"[['PA - In Transit', '2024-10-14 16:30:45', 'sql']]",PA - In Transit
N1635202,"[['PA - In Transit', '2024-10-14 16:30:45', 'sql']]",PA - In Transit
N1635201,"[['PA - In Transit', '2024-10-14 16:30:45', 'sql']]",PA - In Transit
C1769243,"[['PA - In Transit', '2024-10-14 16:30:45', 'sql']]",PA - In Transit
N1635199,"[['PA - In Transit', '2024-10-14 16:30:45', 'sql']]",PA - In Transit
N1635197,"[['PA - In Transit', '2024-10-14 16:30:45', 'sql']]",PA - In Transit
C1769242,"[['PA - In Transit', '2024-10-14 16:30:45', 'sql']]",PA - In Transit
C1769241,"[['PA - In Transit', '2024-10-14 16:30:45', 'sql']]",PA - In Transit
C1769240,"[['PA - In Transit', '2024-10-14 16:30:45', 'sql']]",PA - In Transit
N1635196,"[['PA - In Transit', '2024-10-14 16:30:45', 'sql']]",PA - In Transit
C1769239,"[['PA - In Transit', '2024-10-14 16:30:45', 'sql']]",PA - In Transit
N1635175,"[['PA - In Transit', '2024-10-14 16:30:45', 'sql']]",PA - In Transit
N1635174,"[['PA - In Transit', '2024-10-14 16:30:45', 'sql']]",PA - In Transit
N1635198,"[['PA - In Transit', '2024-10-14 16:30:45', 'sql']]",PA - In Transit
N1635173,"[['PA - In Transit', '2024-10-14 16:30:45', 'sql']]",PA - In Transit
C1769238,"[['PA - In Transit', '2024-10-14 16:30:45', 'sql']]",PA - In Transit
N1635172,"[['PA - In Transit', '2024-10-14 16:30:45', 'sql']]",PA - In Transit
C1769237,"[['PA - In Transit', '2024-10-14 16:30:45', 'sql']]",PA - In Transit
C1769236,"[['PA - In Transit', '2024-10-14 16:30:45', 'sql']]",PA - In Transit
C1769235,"[['PA - In Transit', '2024-10-14 16:30:45', 'sql']]",PA - In Transit
C1769234,"[['PA - In Transit', '2024-10-14 16:30:45', 'sql']]",PA - In Transit
C1769233,"[['PA - In Transit', '2024-10-14 16:30:45', 'sql']]",PA - In Transit
C1769232,"[['PA - In Transit', '2024-10-14 16:30:45', 'sql']]",PA - In Transit
C1769230,"[['PA - In Transit', '2024-10-14 16:30:45', 'sql']]",PA - In Transit
C1769231,"[['PA - In Transit', '2024-10-14 16:30:45', 'sql']]",PA - In Transit
C1769229,"[['PA - In Transit', '2024-10-14 16:30:45', 'sql']]",PA - In Transit
C1769205,"[['PA - In Transit', '2024-10-14 16:30:45', 'sql']]",PA - In Transit
N1635372,"[['PA - In Transit', '2024-10-14 16:30:45', 'sql']]",PA - In Transit
C1769204,"[['PA - In Transit', '2024-10-14 16:30:45', 'sql']]",PA - In Transit
C1769203,"[['PA - In Transit', '2024-10-14 16:30:45', 'sql']]",PA - In Transit
C1769202,"[['PA - In Transit', '2024-10-14 16:30:45', 'sql']]",PA - In Transit
C1769201,"[['PA - In Transit', '2024-10-14 16:30:45', 'sql']]",PA - In Transit
C1769199,"[['PA - In Transit', '2024-10-14 16:30:45', 'sql']]",PA - In Transit
C1769200,"[['PA - In Transit', '2024-10-14 16:30:45', 'sql']]",PA - In Transit
G1406499,"[['NA', 'NA', 'NA']]",PA - In Transit
C1769198,"[['PA - In Transit', '2024-10-14 16:30:45', 'sql']]",PA - In Transit
C1769197,"[['PA - In Transit', '2024-10-14 16:30:45', 'sql']]",PA - In Transit
N1635161,"[['PA - In Transit', '2024-10-14 16:30:45', 'sql']]",PA - In Transit
W702252,"[['PA - In Transit', '2024-10-14 16:30:45', 'sql']]",PA - In Transit
N1635141,"[['PA - In Transit', '2024-10-14 16:30:45', 'sql']]",PA - In Transit
N1635140,"[['PA - In Transit', '2024-10-14 16:30:45', 'sql']]",PA - In Transit
C1769195,"[['PA - In Transit', '2024-10-14 16:30:45', 'sql']]",PA - In Transit
C1769194,"[['PA - In Transit', '2024-10-14 16:30:45', 'sql']]",PA - In Transit
N1635127,"[['PA - In Transit', '2024-10-14 16:30:45', 'sql']]",PA - In Transit
N1635126,"[['PA - In Transit', '2024-10-14 16:30:45', 'sql']]",PA - In Transit
C1769192,"[['PA - In Transit', '2024-10-14 16:30:45', 'sql']]",PA - In Transit
C1769193,"[['PA - In Transit', '2024-10-14 16:30:45', 'sql']]",PA - In Transit
W702247,"[['PA - In Transit', '2024-10-14 16:30:45', 'sql']]",PA - In Transit
C1769190,"[['PA - In Transit', '2024-10-14 16:30:45', 'sql']]",PA - In Transit
C1769191,"[['PA - In Transit', '2024-10-14 16:30:45', 'sql']]",PA - In Transit
C1769188,"[['PA - In Transit', '2024-10-14 16:30:45', 'sql']]",PA - In Transit
C1769189,"[['PA - In Transit', '2024-10-14 16:30:45', 'sql']]",PA - In Transit
N1635124,"[['PA - In Transit', '2024-10-14 16:30:45', 'sql']]",PA - In Transit
N1635139,"[['PA - In Transit', '2024-10-14 16:30:45', 'sql']]",PA - In Transit
N1635138,"[['PA - In Transit', '2024-10-14 16:30:45', 'sql']]",PA - In Transit
N1635137,"[['PA - In Transit', '2024-10-14 16:30:45', 'sql']]",PA - In Transit
N1635122,"[['PA - In Transit', '2024-10-14 16:30:45', 'sql']]",PA - In Transit
C1769187,"[['PA - In Transit', '2024-10-14 16:30:45', 'sql']]",PA - In Transit
C1769186,"[['PA - In Transit', '2024-10-14 16:30:45', 'sql']]",PA - In Transit
C1769184,"[['PA - In Transit', '2024-10-14 16:30:45', 'sql']]",PA - In Transit
C1769185,"[['PA - In Transit', '2024-10-14 16:30:45', 'sql']]",PA - In Transit
C1769183,"[['PA - In Transit', '2024-10-14 16:30:45', 'sql']]",PA - In Transit
N1635249,"[['PA - In Transit', '2024-10-14 16:30:45', 'sql']]",PA - In Transit
N1635136,"[['PA - In Transit', '2024-10-14 16:30:45', 'sql']]",PA - In Transit
N1635121,"[['PA - In Transit', '2024-10-14 16:30:45', 'sql']]",PA - In Transit
N1635120,"[['PA - In Transit', '2024-10-14 16:30:45', 'sql']]",PA - In Transit
C1769164,"[['PA - In Transit', '2024-10-14 16:30:45', 'sql']]",PA - In Transit
N1635135,"[['PA - In Transit', '2024-10-14 16:30:45', 'sql']]",PA - In Transit
N1635119,"[['PA - In Transit', '2024-10-14 16:30:45', 'sql']]",PA - In Transit
N1635134,"[['PA - In Transit', '2024-10-14 16:30:45', 'sql']]",PA - In Transit
N1635132,"[['PA - In Transit', '2024-10-14 16:30:45', 'sql']]",PA - In Transit
N1635131,"[['PA - In Transit', '2024-10-14 16:30:45', 'sql']]",PA - In Transit
N1635114,"[['PA - In Transit', '2024-10-14 16:30:45', 'sql']]",PA - In Transit
N1635117,"[['PA - In Transit', '2024-10-14 16:30:45', 'sql']]",PA - In Transit
N1635115,"[['PA - In Transit', '2024-10-14 16:30:45', 'sql']]",PA - In Transit
N1635129,"[['PA - In Transit', '2024-10-14 16:30:45', 'sql']]",PA - In Transit
C1769163,"[['PA - In Transit', '2024-10-14 16:30:45', 'sql']]",PA - In Transit
C1769162,"[['PA - In Transit', '2024-10-14 16:30:45', 'sql']]",PA - In Transit
N1635113,"[['PA - In Transit', '2024-10-14 16:30:45', 'sql']]",PA - In Transit
C1769161,"[['PA - In Transit', '2024-10-14 16:30:45', 'sql']]",PA - In Transit
N1635111,"[['PA - In Transit', '2024-10-14 16:30:45', 'sql']]",PA - In Transit
C1769160,"[['PA - In Transit', '2024-10-14 16:30:45', 'sql']]",PA - In Transit
N1635130,"[['PA - In Transit', '2024-10-14 16:30:45', 'sql']]",PA - In Transit
N1635128,"[['PA - In Transit', '2024-10-14 16:30:45', 'sql']]",PA - In Transit
C1769159,"[['PA - In Transit', '2024-10-14 16:30:45', 'sql']]",PA - In Transit
N1635109,"[['PA - In Transit', '2024-10-14 16:30:45', 'sql']]",PA - In Transit
C1769157,"[['PA - In Transit', '2024-10-14 16:30:45', 'sql']]",PA - In Transit
C1769158,"[['PA - In Transit', '2024-10-14 16:30:45', 'sql']]",PA - In Transit
C1769156,"[['PA - In Transit', '2024-10-14 16:30:45', 'sql']]",PA - In Transit
C1769155,"[['PA - In Transit', '2024-10-14 16:30:45', 'sql']]",PA - In Transit
C1769154,"[['PA - In Transit', '2024-10-14 16:30:45', 'sql']]",PA - In Transit
C1769153,"[['PA - In Transit', '2024-10-14 16:30:45', 'sql']]",PA - In Transit
N1635108,"[['PA - In Transit', '2024-10-14 16:30:45', 'sql']]",PA - In Transit
C1769152,"[['PA - In Transit', '2024-10-14 16:30:45', 'sql']]",PA - In Transit
N1635105,"[['PA - In Transit', '2024-10-14 16:30:45', 'sql']]",PA - In Transit
N1635104,"[['PA - In Transit', '2024-10-14 16:30:45', 'sql']]",PA - In Transit
N1635084,"[['PA - In Transit', '2024-10-14 16:30:45', 'sql']]",PA - In Transit
C1769147,"[['PA - In Transit', '2024-10-14 16:30:45', 'sql']]",PA - In Transit
C1769150,"[['PA - In Transit', '2024-10-14 16:30:45', 'sql']]",PA - In Transit
N1635103,"[['PA - In Transit', '2024-10-14 16:30:45', 'sql']]",PA - In Transit
N1635083,"[['PA - In Transit', '2024-10-14 16:30:45', 'sql']]",PA - In Transit
C1769149,"[['PA - In Transit', '2024-10-14 16:30:45', 'sql']]",PA - In Transit
C1769146,"[['PA - In Transit', '2024-10-14 16:30:45', 'sql']]",PA - In Transit
N1635101,"[['PA - In Transit', '2024-10-14 16:30:45', 'sql']]",PA - In Transit
N1635082,"[['PA - In Transit', '2024-10-14 16:30:45', 'sql']]",PA - In Transit
N1635081,"[['PA - In Transit', '2024-10-14 16:30:45', 'sql']]",PA - In Transit
C1769148,"[['PA - In Transit', '2024-10-14 16:30:45', 'sql']]",PA - In Transit
C1769144,"[['PA - In Transit', '2024-10-14 16:30:45', 'sql']]",PA - In Transit
C1769143,"[['PA - In Transit', '2024-10-14 16:30:45', 'sql']]",PA - In Transit
C1769142,"[['PA - In Transit', '2024-10-14 16:30:45', 'sql']]",PA - In Transit
N1635077,"[['PA - In Transit', '2024-10-14 16:30:45', 'sql']]",PA - In Transit
N1635079,"[['PA - In Transit', '2024-10-14 16:30:45', 'sql']]",PA - In Transit
N1635078,"[['PA - In Transit', '2024-10-14 16:30:45', 'sql']]",PA - In Transit
C1769141,"[['PA - In Transit', '2024-10-14 16:30:45', 'sql']]",PA - In Transit
N1635100,"[['PA - In Transit', '2024-10-14 16:30:45', 'sql']]",PA - In Transit
N1635075,"[['PA - In Transit', '2024-10-14 16:30:45', 'sql']]",PA - In Transit
N1635076,"[['PA - In Transit', '2024-10-14 16:30:45', 'sql']]",PA - In Transit
N1635074,"[['PA - In Transit', '2024-10-14 16:30:45', 'sql']]",PA - In Transit
C1769128,"[['PA - In Transit', '2024-10-14 16:30:45', 'sql']]",PA - In Transit
N1635071,"[['PA - In Transit', '2024-10-14 16:30:45', 'sql']]",PA - In Transit
N1635096,"[['PA - In Transit', '2024-10-14 16:30:45', 'sql']]",PA - In Transit
N1635073,"[['PA - In Transit', '2024-10-14 16:30:45', 'sql']]",PA - In Transit
C1769127,"[['PA - In Transit', '2024-10-14 16:30:45', 'sql']]",PA - In Transit
N1635098,"[['PA - In Transit', '2024-10-14 16:30:45', 'sql']]",PA - In Transit
N1635093,"[['PA - In Transit', '2024-10-14 16:30:45', 'sql']]",PA - In Transit
N1635094,"[['PA - In Transit', '2024-10-14 16:30:45', 'sql']]",PA - In Transit
C1769125,"[['PA - In Transit', '2024-10-14 16:30:45', 'sql']]",PA - In Transit
N1635069,"[['PA - In Transit', '2024-10-14 16:30:45', 'sql']]",PA - In Transit
C1769145,"[['PA - In Transit', '2024-10-14 16:30:45', 'sql']]",PA - In Transit
N1635091,"[['PA - In Transit', '2024-10-14 16:30:45', 'sql']]",PA - In Transit
N1635063,"[['PA - In Transit', '2024-10-14 16:30:45', 'sql']]",PA - In Transit
N1635068,"[['PA - In Transit', '2024-10-14 16:30:45', 'sql']]",PA - In Transit
N1635089,"[['PA - In Transit', '2024-10-14 16:30:45', 'sql']]",PA - In Transit
N1635090,"[['PA - In Transit', '2024-10-14 16:30:45', 'sql']]",PA - In Transit
N1635088,"[['PA - In Transit', '2024-10-14 16:30:45', 'sql']]",PA - In Transit
C1769123,"[['PA - In Transit', '2024-10-14 16:30:45', 'sql']]",PA - In Transit
C1769124,"[['PA - In Transit', '2024-10-14 16:30:45', 'sql']]",PA - In Transit
C1769122,"[['PA - In Transit', '2024-10-14 16:30:45', 'sql']]",PA - In Transit
N1635062,"[['PA - In Transit', '2024-10-14 16:30:45', 'sql']]",PA - In Transit
N1635061,"[['PA - In Transit', '2024-10-14 13:31:48', 'Admin'], ['PA - In Transit', '2024-10-14 16:30:45', 'sql']]",PA - In Transit
C1769121,"[['PA - In Transit', '2024-10-14 13:31:48', 'Admin'], ['PA - In Transit', '2024-10-14 16:30:45', 'sql']]",PA - In Transit
N1635059,"[['PA - In Transit', '2024-10-14 13:31:48', 'Admin'], ['PA - In Transit', '2024-10-14 16:30:45', 'sql']]",PA - In Transit
C1769113,"[['PA - In Transit', '2024-10-14 13:31:48', 'Admin'], ['PA - In Transit', '2024-10-14 16:30:45', 'sql']]",PA - In Transit
N1635058,"[['PA - In Transit', '2024-10-14 13:31:48', 'Admin'], ['PA - In Transit', '2024-10-14 16:30:45', 'sql']]",PA - In Transit
C1769120,"[['PA - In Transit', '2024-10-14 13:31:48', 'Admin'], ['PA - In Transit', '2024-10-14 16:30:45', 'sql']]",PA - In Transit
N1635038,"[['PA - In Transit', '2024-10-14 13:31:48', 'Admin'], ['PA - In Transit', '2024-10-14 16:30:45', 'sql']]",PA - In Transit
C1769119,"[['PA - In Transit', '2024-10-14 13:31:48', 'Admin'], ['PA - In Transit', '2024-10-14 16:30:45', 'sql']]",PA - In Transit
N1635037,"[['PA - In Transit', '2024-10-14 13:31:48', 'Admin'], ['PA - In Transit', '2024-10-14 16:30:45', 'sql']]",PA - In Transit
N1635057,"[['PA - In Transit', '2024-10-14 13:31:48', 'Admin'], ['PA - In Transit', '2024-10-14 16:30:45', 'sql']]",PA - In Transit
N1635056,"[['PA - In Transit', '2024-10-14 13:31:48', 'Admin'], ['PA - In Transit', '2024-10-14 16:30:45', 'sql']]",PA - In Transit
N1635035,"[['PA - In Transit', '2024-10-14 13:31:48', 'Admin'], ['PA - In Transit', '2024-10-14 16:30:45', 'sql']]",PA - In Transit
N1635054,"[['PA - In Transit', '2024-10-14 13:31:48', 'Admin'], ['PA - In Transit', '2024-10-14 16:30:45', 'sql']]",PA - In Transit
N1635033,"[['PA - In Transit', '2024-10-14 13:31:48', 'Admin'], ['PA - In Transit', '2024-10-14 16:30:45', 'sql']]",PA - In Transit
C1769117,"[['PA - In Transit', '2024-10-14 13:31:48', 'Admin'], ['PA - In Transit', '2024-10-14 16:30:45', 'sql']]",PA - In Transit
N1635034,"[['PA - In Transit', '2024-10-14 13:31:48', 'Admin'], ['PA - In Transit', '2024-10-14 16:30:45', 'sql']]",PA - In Transit
C1769115,"[['PA - In Transit', '2024-10-14 13:31:48', 'Admin'], ['PA - In Transit', '2024-10-14 16:30:45', 'sql']]",PA - In Transit
C1769116,"[['PA - In Transit', '2024-10-14 13:31:48', 'Admin'], ['PA - In Transit', '2024-10-14 16:30:45', 'sql']]",PA - In Transit
N1635053,"[['PA - In Transit', '2024-10-14 13:31:48', 'Admin'], ['PA - In Transit', '2024-10-14 16:30:45', 'sql']]",PA - In Transit
N1635031,"[['PA - In Transit', '2024-10-14 13:31:48', 'Admin'], ['PA - In Transit', '2024-10-14 16:30:45', 'sql']]",PA - In Transit
C1769089,"[['PA - In Transit', '2024-10-14 13:31:48', 'Admin'], ['PA - In Transit', '2024-10-14 16:30:45', 'sql']]",PA - In Transit
N1635052,"[['PA - In Transit', '2024-10-14 13:31:48', 'Admin'], ['PA - In Transit', '2024-10-14 16:30:45', 'sql']]",PA - In Transit
C1769114,"[['PA - In Transit', '2024-10-14 13:31:48', 'Admin'], ['PA - In Transit', '2024-10-14 16:30:45', 'sql']]",PA - In Transit
N1635030,"[['PA - In Transit', '2024-10-14 13:31:48', 'Admin'], ['PA - In Transit', '2024-10-14 16:30:45', 'sql']]",PA - In Transit
N1635029,"[['PA - In Transit', '2024-10-14 13:31:48', 'Admin'], ['PA - In Transit', '2024-10-14 16:30:45', 'sql']]",PA - In Transit
C1769097,"[['PA - In Transit', '2024-10-14 13:31:45', 'Admin'], ['PA - In Transit', '2024-10-14 16:30:45', 'sql']]",PA - In Transit
C1769096,"[['PA - In Transit', '2024-10-14 13:31:45', 'Admin'], ['PA - In Transit', '2024-10-14 16:30:45', 'sql']]",PA - In Transit
C1769126,"[['PA - In Transit', '2024-10-14 13:31:45', 'Admin'], ['PA - In Transit', '2024-10-14 16:30:45', 'sql']]",PA - In Transit
C1769095,"[['PA - In Transit', '2024-10-14 13:31:45', 'Admin'], ['PA - In Transit', '2024-10-14 16:30:45', 'sql']]",PA - In Transit
C1769094,"[['PA - In Transit', '2024-10-14 13:31:45', 'Admin'], ['PA - In Transit', '2024-10-14 16:30:45', 'sql']]",PA - In Transit
C1769093,"[['PA - In Transit', '2024-10-14 13:31:45', 'Admin'], ['PA - In Transit', '2024-10-14 16:30:45', 'sql']]",PA - In Transit
C1769092,"[['PA - In Transit', '2024-10-14 13:31:45', 'Admin'], ['PA - In Transit', '2024-10-14 16:30:45', 'sql']]",PA - In Transit
N1635027,"[['PA - In Transit', '2024-10-14 13:31:45', 'Admin'], ['PA - In Transit', '2024-10-14 16:30:45', 'sql']]",PA - In Transit
N1635026,"[['PA - In Transit', '2024-10-14 13:31:45', 'Admin'], ['PA - In Transit', '2024-10-14 16:30:45', 'sql']]",PA - In Transit
C1769091,"[['PA - In Transit', '2024-10-14 13:31:45', 'Admin'], ['PA - In Transit', '2024-10-14 16:30:45', 'sql']]",PA - In Transit
N1635049,"[['PA - In Transit', '2024-10-14 13:31:45', 'Admin'], ['PA - In Transit', '2024-10-14 16:30:45', 'sql']]",PA - In Transit
N1635048,"[['PA - In Transit', '2024-10-14 13:31:45', 'Admin'], ['PA - In Transit', '2024-10-14 16:30:45', 'sql']]",PA - In Transit
C1769085,"[['PA - In Transit', '2024-10-14 13:31:45', 'Admin'], ['PA - In Transit', '2024-10-14 16:30:45', 'sql']]",PA - In Transit
N1635047,"[['PA - In Transit', '2024-10-14 13:31:45', 'Admin'], ['PA - In Transit', '2024-10-14 16:30:45', 'sql']]",PA - In Transit
C1769087,"[['PA - In Transit', '2024-10-14 13:31:45', 'Admin'], ['PA - In Transit', '2024-10-14 16:30:45', 'sql']]",PA - In Transit
C1769088,"[['PA - In Transit', '2024-10-14 13:31:45', 'Admin'], ['PA - In Transit', '2024-10-14 16:30:45', 'sql']]",PA - In Transit
N1635046,"[['PA - In Transit', '2024-10-14 13:31:45', 'Admin'], ['PA - In Transit', '2024-10-14 16:30:45', 'sql']]",PA - In Transit
C1769090,"[['PA - In Transit', '2024-10-14 13:31:45', 'Admin'], ['PA - In Transit', '2024-10-14 16:30:45', 'sql']]",PA - In Transit
N1635024,"[['PA - In Transit', '2024-10-14 13:31:45', 'Admin'], ['PA - In Transit', '2024-10-14 16:30:45', 'sql']]",PA - In Transit
C1769083,"[['PA - In Transit', '2024-10-14 13:31:45', 'Admin'], ['PA - In Transit', '2024-10-14 16:30:45', 'sql']]",PA - In Transit
N1635018,"[['PA - In Transit', '2024-10-14 13:31:45', 'Admin'], ['PA - In Transit', '2024-10-14 16:30:45', 'sql']]",PA - In Transit
C1769082,"[['PA - In Transit', '2024-10-14 13:31:45', 'Admin'], ['PA - In Transit', '2024-10-14 16:30:45', 'sql']]",PA - In Transit
C1769081,"[['PA - In Transit', '2024-10-14 13:31:45', 'Admin'], ['PA - In Transit', '2024-10-14 16:30:45', 'sql']]",PA - In Transit
N1635006,"[['PA - In Transit', '2024-10-14 13:31:45', 'Admin'], ['PA - In Transit', '2024-10-14 16:30:45', 'sql']]",PA - In Transit
C1769079,"[['PA - In Transit', '2024-10-14 13:31:45', 'Admin'], ['PA - In Transit', '2024-10-14 16:30:45', 'sql']]",PA - In Transit
C1769080,"[['PA - In Transit', '2024-10-14 13:31:42', 'Admin'], ['PA - In Transit', '2024-10-14 16:30:45', 'sql']]",PA - In Transit
C1769078,"[['PA - In Transit', '2024-10-14 13:31:42', 'Admin'], ['PA - In Transit', '2024-10-14 16:30:45', 'sql']]",PA - In Transit
C1769077,"[['PA - In Transit', '2024-10-14 13:31:42', 'Admin'], ['PA - In Transit', '2024-10-14 16:30:45', 'sql']]",PA - In Transit
N1635003,"[['PA - In Transit', '2024-10-14 13:31:42', 'Admin'], ['PA - In Transit', '2024-10-14 16:30:45', 'sql']]",PA - In Transit
N1635002,"[['PA - In Transit', '2024-10-14 13:31:42', 'Admin'], ['PA - In Transit', '2024-10-14 16:30:45', 'sql']]",PA - In Transit
N1635001,"[['PA - In Transit', '2024-10-14 13:31:42', 'Admin'], ['PA - In Transit', '2024-10-14 16:30:45', 'sql']]",PA - In Transit
C1769075,"[['PA - In Transit', '2024-10-14 13:31:42', 'Admin'], ['PA - In Transit', '2024-10-14 16:30:45', 'sql']]",PA - In Transit
N1634999,"[['PA - In Transit', '2024-10-14 13:31:42', 'Admin'], ['PA - In Transit', '2024-10-14 16:30:45', 'sql']]",PA - In Transit
N1634998,"[['PA - In Transit', '2024-10-14 13:31:42', 'Admin'], ['PA - In Transit', '2024-10-14 16:30:45', 'sql']]",PA - In Transit
N1634997,"[['PA - In Transit', '2024-10-14 13:31:42', 'Admin'], ['PA - In Transit', '2024-10-14 16:30:45', 'sql']]",PA - In Transit
C1769076,"[['PA - In Transit', '2024-10-14 13:31:42', 'Admin'], ['PA - In Transit', '2024-10-14 16:30:45', 'sql']]",PA - In Transit
N1635017,"[['PA - In Transit', '2024-10-14 13:31:42', 'Admin'], ['PA - In Transit', '2024-10-14 16:30:45', 'sql']]",PA - In Transit
C1769073,"[['PA - In Transit', '2024-10-14 13:31:42', 'Admin'], ['PA - In Transit', '2024-10-14 16:30:45', 'sql']]",PA - In Transit
C1769072,"[['PA - In Transit', '2024-10-14 13:31:42', 'Admin'], ['PA - In Transit', '2024-10-14 16:30:45', 'sql']]",PA - In Transit
N1635000,"[['PA - In Transit', '2024-10-14 13:31:42', 'Admin'], ['PA - In Transit', '2024-10-14 16:30:45', 'sql']]",PA - In Transit
N1634996,"[['PA - In Transit', '2024-10-14 13:31:42', 'Admin'], ['PA - In Transit', '2024-10-14 16:30:45', 'sql']]",PA - In Transit
N1635015,"[['PA - In Transit', '2024-10-14 13:31:42', 'Admin'], ['PA - In Transit', '2024-10-14 16:30:45', 'sql']]",PA - In Transit
C1769074,"[['PA - In Transit', '2024-10-14 13:31:42', 'Admin'], ['PA - In Transit', '2024-10-14 16:30:45', 'sql']]",PA - In Transit
N1634995,"[['PA - In Transit', '2024-10-14 13:31:42', 'Admin'], ['PA - In Transit', '2024-10-14 16:30:45', 'sql']]",PA - In Transit
N1635014,"[['PA - In Transit', '2024-10-14 13:31:42', 'Admin'], ['PA - In Transit', '2024-10-14 16:30:45', 'sql']]",PA - In Transit
C1769071,"[['PA - In Transit', '2024-10-14 13:31:42', 'Admin'], ['PA - In Transit', '2024-10-14 16:30:45', 'sql']]",PA - In Transit
N1635013,"[['PA - In Transit', '2024-10-14 13:31:42', 'Admin'], ['PA - In Transit', '2024-10-14 16:30:45', 'sql']]",PA - In Transit
N1635016,"[['PA - In Transit', '2024-10-14 13:31:42', 'Admin'], ['PA - In Transit', '2024-10-14 16:30:45', 'sql']]",PA - In Transit
N1634994,"[['PA - In Transit', '2024-10-14 13:31:42', 'Admin'], ['PA - In Transit', '2024-10-14 16:30:45', 'sql']]",PA - In Transit
C1769057,"[['PA - In Transit', '2024-10-14 13:31:42', 'Admin'], ['PA - In Transit', '2024-10-14 16:30:45', 'sql']]",PA - In Transit
N1634993,"[['PA - In Transit', '2024-10-14 13:31:40', 'Admin'], ['PA - In Transit', '2024-10-14 16:30:45', 'sql']]",PA - In Transit
C1769056,"[['PA - In Transit', '2024-10-14 13:31:40', 'Admin'], ['PA - In Transit', '2024-10-14 16:30:45', 'sql']]",PA - In Transit
N1635012,"[['PA - In Transit', '2024-10-14 13:31:40', 'Admin'], ['PA - In Transit', '2024-10-14 16:30:45', 'sql']]",PA - In Transit
C1769054,"[['PA - In Transit', '2024-10-14 13:31:40', 'Admin'], ['PA - In Transit', '2024-10-14 16:30:45', 'sql']]",PA - In Transit
C1769055,"[['PA - In Transit', '2024-10-14 13:31:40', 'Admin'], ['PA - In Transit', '2024-10-14 16:30:45', 'sql']]",PA - In Transit
N1634992,"[['PA - In Transit', '2024-10-14 13:31:40', 'Admin'], ['PA - In Transit', '2024-10-14 16:30:45', 'sql']]",PA - In Transit
C1769053,"[['PA - In Transit', '2024-10-14 13:31:40', 'Admin'], ['PA - In Transit', '2024-10-14 16:30:45', 'sql']]",PA - In Transit
N1634983,"[['PA - In Transit', '2024-10-14 13:31:40', 'Admin'], ['PA - In Transit', '2024-10-14 16:30:45', 'sql']]",PA - In Transit
C1769372,"[['PA - In Transit', '2024-10-14 13:31:40', 'Admin']]",PA - In Transit
C1769051,"[['PA - In Transit', '2024-10-14 13:31:40', 'Admin'], ['PA - In Transit', '2024-10-14 16:30:45', 'sql']]",PA - In Transit
N1634988,"[['PA - In Transit', '2024-10-14 13:31:40', 'Admin'], ['PA - In Transit', '2024-10-14 16:30:45', 'sql']]",PA - In Transit
N1634989,"[['PA - In Transit', '2024-10-14 13:31:40', 'Admin'], ['PA - In Transit', '2024-10-14 16:30:45', 'sql']]",PA - In Transit
C1769050,"[['PA - In Transit', '2024-10-14 13:31:40', 'Admin'], ['PA - In Transit', '2024-10-14 16:30:45', 'sql']]",PA - In Transit
N1634987,"[['PA - In Transit', '2024-10-14 13:31:40', 'Admin'], ['PA - In Transit', '2024-10-14 16:30:45', 'sql']]",PA - In Transit
C1769049,"[['PA - In Transit', '2024-10-14 13:31:40', 'Admin'], ['PA - In Transit', '2024-10-14 16:30:45', 'sql']]",PA - In Transit
C1769048,"[['PA - In Transit', '2024-10-14 13:31:40', 'Admin'], ['PA - In Transit', '2024-10-14 16:30:45', 'sql']]",PA - In Transit
C1769047,"[['PA - In Transit', '2024-10-14 13:31:40', 'Admin'], ['PA - In Transit', '2024-10-14 16:30:45', 'sql']]",PA - In Transit
N1634959,"[['PA - In Transit', '2024-10-14 13:31:40', 'Admin'], ['PA - In Transit', '2024-10-14 16:30:45', 'sql']]",PA - In Transit
N1634982,"[['PA - In Transit', '2024-10-14 13:31:40', 'Admin'], ['PA - In Transit', '2024-10-14 16:30:45', 'sql']]",PA - In Transit
C1769046,"[['PA - In Transit', '2024-10-14 13:31:40', 'Admin'], ['PA - In Transit', '2024-10-14 16:30:45', 'sql']]",PA - In Transit
C1769045,"[['PA - In Transit', '2024-10-14 13:31:40', 'Admin'], ['PA - In Transit', '2024-10-14 16:30:45', 'sql']]",PA - In Transit
N1634960,"[['PA - In Transit', '2024-10-14 13:31:40', 'Admin'], ['PA - In Transit', '2024-10-14 16:30:45', 'sql']]",PA - In Transit
N1634961,"[['PA - In Transit', '2024-10-14 13:31:40', 'Admin'], ['PA - In Transit', '2024-10-14 16:30:45', 'sql']]",PA - In Transit
C1769043,"[['PA - In Transit', '2024-10-14 13:31:40', 'Admin'], ['PA - In Transit', '2024-10-14 16:30:45', 'sql']]",PA - In Transit
N1634953,"[['PA - In Transit', '2024-10-14 13:31:40', 'Admin'], ['PA - In Transit', '2024-10-14 16:30:45', 'sql']]",PA - In Transit
C1769042,"[['PA - In Transit', '2024-10-14 13:31:37', 'Admin'], ['PA - In Transit', '2024-10-14 16:30:45', 'sql']]",PA - In Transit
C1769044,"[['PA - In Transit', '2024-10-14 13:31:37', 'Admin'], ['PA - In Transit', '2024-10-14 16:30:45', 'sql']]",PA - In Transit
C1769033,"[['PA - In Transit', '2024-10-14 13:31:37', 'Admin'], ['PA - In Transit', '2024-10-14 16:30:45', 'sql']]",PA - In Transit
N1634956,"[['PA - In Transit', '2024-10-14 13:31:37', 'Admin'], ['PA - In Transit', '2024-10-14 16:30:45', 'sql']]",PA - In Transit
N1634978,"[['PA - In Transit', '2024-10-14 13:31:37', 'Admin'], ['PA - In Transit', '2024-10-14 16:30:45', 'sql']]",PA - In Transit
N1634977,"[['PA - In Transit', '2024-10-14 13:31:37', 'Admin'], ['PA - In Transit', '2024-10-14 16:30:45', 'sql']]",PA - In Transit
N1634979,"[['PA - In Transit', '2024-10-14 13:31:37', 'Admin'], ['PA - In Transit', '2024-10-14 16:30:45', 'sql']]",PA - In Transit
N1634958,"[['PA - In Transit', '2024-10-14 13:31:37', 'Admin'], ['PA - In Transit', '2024-10-14 16:30:45', 'sql']]",PA - In Transit
N1634957,"[['PA - In Transit', '2024-10-14 13:31:37', 'Admin'], ['PA - In Transit', '2024-10-14 16:30:45', 'sql']]",PA - In Transit
C1769037,"[['PA - In Transit', '2024-10-14 13:31:37', 'Admin'], ['PA - In Transit', '2024-10-14 16:30:45', 'sql']]",PA - In Transit
N1634970,"[['PA - In Transit', '2024-10-14 13:31:37', 'Admin'], ['PA - In Transit', '2024-10-14 16:30:45', 'sql']]",PA - In Transit
C1769040,"[['PA - In Transit', '2024-10-14 13:31:37', 'Admin'], ['PA - In Transit', '2024-10-14 16:30:45', 'sql']]",PA - In Transit
N1634954,"[['PA - In Transit', '2024-10-14 13:31:37', 'Admin'], ['PA - In Transit', '2024-10-14 16:30:45', 'sql']]",PA - In Transit
N1634955,"[['PA - In Transit', '2024-10-14 13:31:37', 'Admin'], ['PA - In Transit', '2024-10-14 16:30:45', 'sql']]",PA - In Transit
C1769039,"[['PA - In Transit', '2024-10-14 13:31:37', 'Admin'], ['PA - In Transit', '2024-10-14 16:30:45', 'sql']]",PA - In Transit
N1634952,"[['PA - In Transit', '2024-10-14 13:31:37', 'Admin'], ['PA - In Transit', '2024-10-14 16:30:45', 'sql']]",PA - In Transit
C1769038,"[['PA - In Transit', '2024-10-14 13:31:37', 'Admin'], ['PA - In Transit', '2024-10-14 16:30:45', 'sql']]",PA - In Transit
C1769035,"[['PA - In Transit', '2024-10-14 13:31:37', 'Admin'], ['PA - In Transit', '2024-10-14 16:30:45', 'sql']]",PA - In Transit
C1769034,"[['PA - In Transit', '2024-10-14 13:31:37', 'Admin'], ['PA - In Transit', '2024-10-14 16:30:45', 'sql']]",PA - In Transit
N1634950,"[['PA - In Transit', '2024-10-14 13:31:37', 'Admin'], ['PA - In Transit', '2024-10-14 16:30:45', 'sql']]",PA - In Transit
C1769020,"[['PA - In Transit', '2024-10-14 13:31:37', 'Admin'], ['PA - In Transit', '2024-10-14 16:30:45', 'sql']]",PA - In Transit
C1769023,"[['PA - In Transit', '2024-10-14 13:31:37', 'Admin'], ['PA - In Transit', '2024-10-14 16:30:45', 'sql']]",PA - In Transit
N1634951,"[['PA - In Transit', '2024-10-14 13:31:37', 'Admin'], ['PA - In Transit', '2024-10-14 16:30:45', 'sql']]",PA - In Transit
C1769022,"[['PA - In Transit', '2024-10-14 13:31:37', 'Admin'], ['PA - In Transit', '2024-10-14 16:30:45', 'sql']]",PA - In Transit
N1634974,"[['PA - In Transit', '2024-10-14 13:31:37', 'Admin'], ['PA - In Transit', '2024-10-14 16:30:45', 'sql']]",PA - In Transit
C1769021,"[['PA - In Transit', '2024-10-14 16:30:45', 'sql']]",PA - In Transit
N1634948,"[['PA - In Transit', '2024-10-14 16:30:45', 'sql']]",PA - In Transit
N1634949,"[['PA - In Transit', '2024-10-14 16:30:45', 'sql']]",PA - In Transit
C1769019,"[['PA - In Transit', '2024-10-14 16:30:45', 'sql']]",PA - In Transit
N1634975,"[['PA - In Transit', '2024-10-14 16:30:45', 'sql']]",PA - In Transit
N1634947,"[['PA - In Transit', '2024-10-14 16:30:45', 'sql']]",PA - In Transit
N1634966,"[['PA - In Transit', '2024-10-14 16:30:45', 'sql']]",PA - In Transit
N1634965,"[['PA - In Transit', '2024-10-14 16:30:45', 'sql']]",PA - In Transit
N1634972,"[['PA - In Transit', '2024-10-14 16:30:45', 'sql']]",PA - In Transit
C1769028,"[['PA - In Transit', '2024-10-14 16:30:45', 'sql']]",PA - In Transit
N1634973,"[['PA - In Transit', '2024-10-14 16:30:45', 'sql']]",PA - In Transit
N1634933,"[['PA - In Transit', '2024-10-14 16:30:45', 'sql']]",PA - In Transit
N1634946,"[['PA - In Transit', '2024-10-14 16:30:45', 'sql']]",PA - In Transit
N1634913,"[['PA - In Transit', '2024-10-14 16:30:45', 'sql']]",PA - In Transit
C1769016,"[['PA - In Transit', '2024-10-14 16:30:45', 'sql']]",PA - In Transit
N1634943,"[['PA - In Transit', '2024-10-14 16:30:45', 'sql']]",PA - In Transit
C1769017,"[['PA - In Transit', '2024-10-14 16:30:45', 'sql']]",PA - In Transit
N1634942,"[['PA - In Transit', '2024-10-14 16:30:45', 'sql']]",PA - In Transit
N1634940,"[['PA - In Transit', '2024-10-14 16:30:45', 'sql']]",PA - In Transit
N1634941,"[['PA - In Transit', '2024-10-14 16:30:45', 'sql']]",PA - In Transit
N1634932,"[['PA - In Transit', '2024-10-14 16:30:45', 'sql']]",PA - In Transit
N1634915,"[['PA - In Transit', '2024-10-14 16:30:45', 'sql']]",PA - In Transit
C1769365,"[['PA - In Transit', '2024-10-14 16:30:45', 'sql']]",PA - In Transit
N1634930,"[['PA - In Transit', '2024-10-14 16:30:45', 'sql']]",PA - In Transit
C1769014,"[['PA - In Transit', '2024-10-14 16:30:45', 'sql']]",PA - In Transit
N1634938,"[['PA - In Transit', '2024-10-14 13:31:34', 'Admin'], ['PA - In Transit', '2024-10-14 16:30:45', 'sql']]",PA - In Transit
C1769026,"[['PA - In Transit', '2024-10-14 13:31:34', 'Admin'], ['PA - In Transit', '2024-10-14 16:30:45', 'sql']]",PA - In Transit
N1634937,"[['PA - In Transit', '2024-10-14 13:31:34', 'Admin'], ['PA - In Transit', '2024-10-14 16:30:45', 'sql']]",PA - In Transit
N1634936,"[['PA - In Transit', '2024-10-14 13:31:34', 'Admin'], ['PA - In Transit', '2024-10-14 16:30:45', 'sql']]",PA - In Transit
C1769027,"[['PA - In Transit', '2024-10-14 13:31:34', 'Admin'], ['PA - In Transit', '2024-10-14 16:30:45', 'sql']]",PA - In Transit
C1769013,"[['PA - In Transit', '2024-10-14 13:31:34', 'Admin'], ['PA - In Transit', '2024-10-14 16:30:45', 'sql']]",PA - In Transit
C1769011,"[['PA - In Transit', '2024-10-14 13:31:34', 'Admin'], ['PA - In Transit', '2024-10-14 16:30:45', 'sql']]",PA - In Transit
C1769010,"[['PA - In Transit', '2024-10-14 13:31:34', 'Admin'], ['PA - In Transit', '2024-10-14 16:30:45', 'sql']]",PA - In Transit
C1769009,"[['PA - In Transit', '2024-10-14 13:31:34', 'Admin'], ['PA - In Transit', '2024-10-14 16:30:45', 'sql']]",PA - In Transit
C1769008,"[['PA - In Transit', '2024-10-14 13:31:34', 'Admin'], ['PA - In Transit', '2024-10-14 16:30:45', 'sql']]",PA - In Transit
C1769006,"[['PA - In Transit', '2024-10-14 13:31:34', 'Admin'], ['PA - In Transit', '2024-10-14 16:30:45', 'sql']]",PA - In Transit
N1634896,"[['PA - In Transit', '2024-10-14 13:31:34', 'Admin'], ['PA - In Transit', '2024-10-14 16:30:45', 'sql']]",PA - In Transit
N1634891,"[['PA - In Transit', '2024-10-14 13:31:34', 'Admin'], ['PA - In Transit', '2024-10-14 16:30:45', 'sql']]",PA - In Transit
C1769007,"[['PA - In Transit', '2024-10-14 13:31:34', 'Admin'], ['PA - In Transit', '2024-10-14 16:30:45', 'sql']]",PA - In Transit
N1634897,"[['PA - In Transit', '2024-10-14 13:31:34', 'Admin'], ['PA - In Transit', '2024-10-14 16:30:45', 'sql']]",PA - In Transit
N1634893,"[['PA - In Transit', '2024-10-14 13:31:34', 'Admin'], ['PA - In Transit', '2024-10-14 16:30:45', 'sql']]",PA - In Transit
N1634894,"[['PA - In Transit', '2024-10-14 13:31:34', 'Admin'], ['PA - In Transit', '2024-10-14 16:30:45', 'sql']]",PA - In Transit
N1634926,"[['PA - In Transit', '2024-10-14 13:31:34', 'Admin'], ['PA - In Transit', '2024-10-14 16:30:45', 'sql']]",PA - In Transit
C1769000,"[['PA - In Transit', '2024-10-14 13:31:34', 'Admin'], ['PA - In Transit', '2024-10-14 16:30:45', 'sql']]",PA - In Transit
N1634892,"[['PA - In Transit', '2024-10-14 13:31:34', 'Admin'], ['PA - In Transit', '2024-10-14 16:30:45', 'sql']]",PA - In Transit
N1634925,"[['PA - In Transit', '2024-10-14 13:31:34', 'Admin'], ['PA - In Transit', '2024-10-14 16:30:45', 'sql']]",PA - In Transit
N1634890,"[['PA - In Transit', '2024-10-14 13:31:34', 'Admin'], ['PA - In Transit', '2024-10-14 16:30:45', 'sql']]",PA - In Transit
C1769012,"[['PA - In Transit', '2024-10-14 13:31:34', 'Admin'], ['PA - In Transit', '2024-10-14 16:30:45', 'sql']]",PA - In Transit
N1634928,"[['PA - In Transit', '2024-10-14 13:31:34', 'Admin'], ['PA - In Transit', '2024-10-14 16:30:45', 'sql']]",PA - In Transit
N1634912,"[['PA - In Transit', '2024-10-14 13:31:34', 'Admin'], ['PA - In Transit', '2024-10-14 16:30:45', 'sql']]",PA - In Transit
N1634888,"[['PA - In Transit', '2024-10-14 16:30:45', 'sql']]",PA - In Transit
N1634887,"[['PA - In Transit', '2024-10-14 16:30:45', 'sql']]",PA - In Transit
C1769004,"[['PA - In Transit', '2024-10-14 16:30:45', 'sql']]",PA - In Transit
C1769002,"[['PA - In Transit', '2024-10-14 16:30:45', 'sql']]",PA - In Transit
C1768984,"[['PA - In Transit', '2024-10-14 16:30:45', 'sql']]",PA - In Transit
C1769003,"[['PA - In Transit', '2024-10-14 16:30:45', 'sql']]",PA - In Transit
C1768986,"[['PA - In Transit', '2024-10-14 16:30:45', 'sql']]",PA - In Transit
N1634885,"[['PA - In Transit', '2024-10-14 16:30:45', 'sql']]",PA - In Transit
C1768985,"[['PA - In Transit', '2024-10-14 16:30:45', 'sql']]",PA - In Transit
N1634882,"[['PA - In Transit', '2024-10-14 16:30:45', 'sql']]",PA - In Transit
N1634923,"[['PA - In Transit', '2024-10-14 16:30:45', 'sql']]",PA - In Transit
N1634922,"[['PA - In Transit', '2024-10-14 16:30:45', 'sql']]",PA - In Transit
N1634883,"[['PA - In Transit', '2024-10-14 16:30:45', 'sql']]",PA - In Transit
C1768992,"[['PA - In Transit', '2024-10-14 16:30:45', 'sql']]",PA - In Transit
N1634881,"[['PA - In Transit', '2024-10-14 16:30:45', 'sql']]",PA - In Transit
C1768983,"[['PA - In Transit', '2024-10-14 16:30:45', 'sql']]",PA - In Transit
C1768967,"[['PA - In Transit', '2024-10-14 16:30:45', 'sql']]",PA - In Transit
N1634880,"[['PA - In Transit', '2024-10-14 16:30:45', 'sql']]",PA - In Transit
N1634910,"[['PA - In Transit', '2024-10-14 16:30:45', 'sql']]",PA - In Transit
C1768982,"[['PA - In Transit', '2024-10-14 16:30:45', 'sql']]",PA - In Transit
N1634879,"[['PA - In Transit', '2024-10-14 16:30:45', 'sql']]",PA - In Transit
N1634921,"[['PA - In Transit', '2024-10-14 16:30:45', 'sql']]",PA - In Transit
C1768980,"[['PA - In Transit', '2024-10-14 16:30:45', 'sql']]",PA - In Transit
C1768995,"[['PA - In Transit', '2024-10-14 16:30:45', 'sql']]",PA - In Transit
N1634875,"[['PA - In Transit', '2024-10-14 16:30:45', 'sql']]",PA - In Transit
C1768979,"[['PA - In Transit', '2024-10-14 13:31:29', 'Admin'], ['PA - In Transit', '2024-10-14 16:30:45', 'sql']]",PA - In Transit
N1634920,"[['PA - In Transit', '2024-10-14 13:31:29', 'Admin'], ['PA - In Transit', '2024-10-14 16:30:45', 'sql']]",PA - In Transit
N1634876,"[['PA - In Transit', '2024-10-14 13:31:29', 'Admin'], ['PA - In Transit', '2024-10-14 16:30:45', 'sql']]",PA - In Transit
C1768978,"[['PA - In Transit', '2024-10-14 13:31:29', 'Admin'], ['PA - In Transit', '2024-10-14 16:30:45', 'sql']]",PA - In Transit
N1634919,"[['PA - In Transit', '2024-10-14 13:31:29', 'Admin'], ['PA - In Transit', '2024-10-14 16:30:45', 'sql']]",PA - In Transit
C1768977,"[['PA - In Transit', '2024-10-14 13:31:29', 'Admin'], ['PA - In Transit', '2024-10-14 16:30:45', 'sql']]",PA - In Transit
N1634872,"[['PA - In Transit', '2024-10-14 13:31:29', 'Admin'], ['PA - In Transit', '2024-10-14 16:30:45', 'sql']]",PA - In Transit
N1634873,"[['PA - In Transit', '2024-10-14 13:31:29', 'Admin'], ['PA - In Transit', '2024-10-14 16:30:45', 'sql']]",PA - In Transit
N1634911,"[['PA - In Transit', '2024-10-14 13:31:29', 'Admin'], ['PA - In Transit', '2024-10-14 16:30:45', 'sql']]",PA - In Transit
C1768976,"[['PA - In Transit', '2024-10-14 13:31:29', 'Admin'], ['PA - In Transit', '2024-10-14 16:30:45', 'sql']]",PA - In Transit
C1768991,"[['PA - In Transit', '2024-10-14 13:31:29', 'Admin'], ['PA - In Transit', '2024-10-14 16:30:45', 'sql']]",PA - In Transit
C1768975,"[['PA - In Transit', '2024-10-14 13:31:29', 'Admin'], ['PA - In Transit', '2024-10-14 16:30:45', 'sql']]",PA - In Transit
C1768990,"[['PA - In Transit', '2024-10-14 13:31:29', 'Admin'], ['PA - In Transit', '2024-10-14 16:30:45', 'sql']]",PA - In Transit
C1768974,"[['PA - In Transit', '2024-10-14 13:31:29', 'Admin'], ['PA - In Transit', '2024-10-14 16:30:45', 'sql']]",PA - In Transit
C1768973,"[['PA - In Transit', '2024-10-14 13:31:29', 'Admin'], ['PA - In Transit', '2024-10-14 16:30:45', 'sql']]",PA - In Transit
C1768972,"[['PA - In Transit', '2024-10-14 13:31:29', 'Admin'], ['PA - In Transit', '2024-10-14 16:30:45', 'sql']]",PA - In Transit
N1634859,"[['PA - In Transit', '2024-10-14 13:31:29', 'Admin'], ['PA - In Transit', '2024-10-14 16:30:45', 'sql']]",PA - In Transit
C1768971,"[['PA - In Transit', '2024-10-14 13:31:29', 'Admin'], ['PA - In Transit', '2024-10-14 16:30:45', 'sql']]",PA - In Transit
C1768988,"[['PA - In Transit', '2024-10-14 13:31:29', 'Admin'], ['PA - In Transit', '2024-10-14 16:30:45', 'sql']]",PA - In Transit
C1768989,"[['PA - In Transit', '2024-10-14 13:31:29', 'Admin'], ['PA - In Transit', '2024-10-14 16:30:45', 'sql']]",PA - In Transit
C1768970,"[['PA - In Transit', '2024-10-14 13:31:29', 'Admin'], ['PA - In Transit', '2024-10-14 16:30:45', 'sql']]",PA - In Transit
N1634851,"[['PA - In Transit', '2024-10-14 13:31:29', 'Admin'], ['PA - In Transit', '2024-10-14 16:30:45', 'sql']]",PA - In Transit
N1634858,"[['PA - In Transit', '2024-10-14 13:31:29', 'Admin'], ['PA - In Transit', '2024-10-14 16:30:45', 'sql']]",PA - In Transit
C1768969,"[['PA - In Transit', '2024-10-14 13:31:29', 'Admin'], ['PA - In Transit', '2024-10-14 16:30:45', 'sql']]",PA - In Transit
C1768968,"[['PA - In Transit', '2024-10-14 13:31:29', 'Admin'], ['PA - In Transit', '2024-10-14 16:30:45', 'sql']]",PA - In Transit
C1768947,"[['PA - In Transit', '2024-10-14 16:30:45', 'sql']]",PA - In Transit
N1634857,"[['PA - In Transit', '2024-10-14 16:30:45', 'sql']]",PA - In Transit
N1634856,"[['PA - In Transit', '2024-10-14 16:30:45', 'sql']]",PA - In Transit
N1634855,"[['PA - In Transit', '2024-10-14 16:30:45', 'sql']]",PA - In Transit
C1768948,"[['PA - In Transit', '2024-10-14 16:30:45', 'sql']]",PA - In Transit
N1634850,"[['PA - In Transit', '2024-10-14 16:30:45', 'sql']]",PA - In Transit
N1634854,"[['PA - In Transit', '2024-10-14 16:30:45', 'sql']]",PA - In Transit
C1768946,"[['PA - In Transit', '2024-10-14 16:30:45', 'sql']]",PA - In Transit
C1768914,"[['PA - In Transit', '2024-10-14 16:30:45', 'sql']]",PA - In Transit
C1768944,"[['NA', 'NA', 'NA']]",PA - In Transit
Z312628,"[['PA - In Transit', '2024-10-14 16:30:45', 'sql']]",PA - In Transit
C1768942,"[['PA - In Transit', '2024-10-14 16:30:45', 'sql']]",PA - In Transit
C1768913,"[['PA - In Transit', '2024-10-14 16:30:45', 'sql']]",PA - In Transit
C1768940,"[['PA - In Transit', '2024-10-14 16:30:45', 'sql']]",PA - In Transit
C1768938,"[['PA - In Transit', '2024-10-14 16:30:45', 'sql']]",PA - In Transit
N1634798,"[['PA - In Transit', '2024-10-14 16:30:45', 'sql']]",PA - In Transit
N1634849,"[['PA - In Transit', '2024-10-14 16:30:45', 'sql']]",PA - In Transit
C1768939,"[['PA - In Transit', '2024-10-14 16:30:45', 'sql']]",PA - In Transit
C1768937,"[['PA - In Transit', '2024-10-14 16:30:45', 'sql']]",PA - In Transit
N1634799,"[['PA - In Transit', '2024-10-14 16:30:45', 'sql']]",PA - In Transit
C1768941,"[['PA - In Transit', '2024-10-14 16:30:45', 'sql']]",PA - In Transit
N1634814,"[['PA - In Transit', '2024-10-14 16:30:45', 'sql']]",PA - In Transit
C1768912,"[['PA - In Transit', '2024-10-14 16:30:45', 'sql']]",PA - In Transit
C1768936,"[['PA - In Transit', '2024-10-14 16:30:45', 'sql']]",PA - In Transit
N1634813,"[['PA - In Transit', '2024-10-14 16:30:45', 'sql']]",PA - In Transit
C1768943,"[['PA - In Transit', '2024-10-14 16:30:45', 'sql']]",PA - In Transit
C1768935,"[['PA - In Transit', '2024-10-14 16:30:45', 'sql']]",PA - In Transit
C1768933,"[['PA - In Transit', '2024-10-14 16:30:45', 'sql']]",PA - In Transit
C1768934,"[['PA - In Transit', '2024-10-14 16:30:45', 'sql']]",PA - In Transit
C1768931,"[['PA - In Transit', '2024-10-14 16:30:45', 'sql']]",PA - In Transit
N1634812,"[['PA - In Transit', '2024-10-14 16:30:45', 'sql']]",PA - In Transit
N1634797,"[['PA - In Transit', '2024-10-14 16:30:45', 'sql']]",PA - In Transit
C1768932,"[['PA - In Transit', '2024-10-14 16:30:45', 'sql']]",PA - In Transit
N1634789,"[['PA - In Transit', '2024-10-14 16:30:45', 'sql']]",PA - In Transit
N1634810,"[['PA - In Transit', '2024-10-14 16:30:45', 'sql']]",PA - In Transit
C1769118,"[['PA - In Transit', '2024-10-14 16:30:45', 'sql']]",PA - In Transit
N1634787,"[['PA - In Transit', '2024-10-14 16:30:45', 'sql']]",PA - In Transit
C1768911,"[['PA - In Transit', '2024-10-14 16:30:45', 'sql']]",PA - In Transit
N1634786,"[['PA - In Transit', '2024-10-14 16:30:45', 'sql']]",PA - In Transit
C1768930,"[['PA - In Transit', '2024-10-14 16:30:45', 'sql']]",PA - In Transit
N1634809,"[['PA - In Transit', '2024-10-14 16:30:45', 'sql']]",PA - In Transit
C1769333,"[['PA - In Transit', '2024-10-14 16:30:45', 'sql']]",PA - In Transit
N1634785,"[['PA - In Transit', '2024-10-14 16:30:45', 'sql']]",PA - In Transit
C1768929,"[['PA - In Transit', '2024-10-14 16:30:45', 'sql']]",PA - In Transit
C1768927,"[['PA - In Transit', '2024-10-14 16:30:45', 'sql']]",PA - In Transit
N1634784,"[['PA - In Transit', '2024-10-14 16:30:45', 'sql']]",PA - In Transit
C1768928,"[['PA - In Transit', '2024-10-14 16:30:45', 'sql']]",PA - In Transit
C1768926,"[['PA - In Transit', '2024-10-14 16:30:45', 'sql']]",PA - In Transit
N1634782,"[['PA - In Transit', '2024-10-14 16:30:45', 'sql']]",PA - In Transit
N1634780,"[['PA - In Transit', '2024-10-14 16:30:45', 'sql']]",PA - In Transit
C1768924,"[['PA - In Transit', '2024-10-14 16:30:45', 'sql']]",PA - In Transit
N1634779,"[['PA - In Transit', '2024-10-14 16:30:45', 'sql']]",PA - In Transit
N1634808,"[['PA - In Transit', '2024-10-14 16:30:45', 'sql']]",PA - In Transit
C1768915,"[['PA - In Transit', '2024-10-14 16:30:45', 'sql']]",PA - In Transit
C1768916,"[['PA - In Transit', '2024-10-14 16:30:45', 'sql']]",PA - In Transit
C1768917,"[['PA - In Transit', '2024-10-14 16:30:45', 'sql']]",PA - In Transit
C1768918,"[['PA - In Transit', '2024-10-14 16:30:45', 'sql']]",PA - In Transit
C1768919,"[['PA - In Transit', '2024-10-14 16:30:45', 'sql']]",PA - In Transit
C1768920,"[['PA - In Transit', '2024-10-14 16:30:45', 'sql']]",PA - In Transit
C1768921,"[['PA - In Transit', '2024-10-14 16:30:45', 'sql']]",PA - In Transit
C1768922,"[['PA - In Transit', '2024-10-14 16:30:45', 'sql']]",PA - In Transit
C1768923,"[['PA - In Transit', '2024-10-14 16:30:45', 'sql']]",PA - In Transit
C1768900,"[['PA - In Transit', '2024-10-14 16:30:45', 'sql']]",PA - In Transit
N1634805,"[['PA - In Transit', '2024-10-14 16:30:45', 'sql']]",PA - In Transit
N1634778,"[['PA - In Transit', '2024-10-14 16:30:45', 'sql']]",PA - In Transit
C1768875,"[['PA - In Transit', '2024-10-14 16:30:45', 'sql']]",PA - In Transit
N1634781,"[['PA - In Transit', '2024-10-14 16:30:45', 'sql']]",PA - In Transit
N1634777,"[['PA - In Transit', '2024-10-14 16:30:45', 'sql']]",PA - In Transit
C1768904,"[['PA - In Transit', '2024-10-14 16:30:45', 'sql']]",PA - In Transit
N1634802,"[['PA - In Transit', '2024-10-14 16:30:45', 'sql']]",PA - In Transit
N1634803,"[['PA - In Transit', '2024-10-14 16:30:45', 'sql']]",PA - In Transit
N1634815,"[['PA - In Transit', '2024-10-14 16:30:45', 'sql']]",PA - In Transit
C1768899,"[['PA - In Transit', '2024-10-14 16:30:45', 'sql']]",PA - In Transit
N1634776,"[['PA - In Transit', '2024-10-14 16:30:45', 'sql']]",PA - In Transit
N1634771,"[['PA - In Transit', '2024-10-14 16:30:45', 'sql']]",PA - In Transit
N1634774,"[['PA - In Transit', '2024-10-14 16:30:45', 'sql']]",PA - In Transit
C1768897,"[['PA - In Transit', '2024-10-14 16:30:45', 'sql']]",PA - In Transit
N1634801,"[['PA - In Transit', '2024-10-14 16:30:45', 'sql']]",PA - In Transit
N1634773,"[['PA - In Transit', '2024-10-14 16:30:45', 'sql']]",PA - In Transit
N1634796,"[['PA - In Transit', '2024-10-14 16:30:45', 'sql']]",PA - In Transit
N1634764,"[['PA - In Transit', '2024-10-14 16:30:45', 'sql']]",PA - In Transit
C1768898,"[['PA - In Transit', '2024-10-14 16:30:45', 'sql']]",PA - In Transit
C1768896,"[['PA - In Transit', '2024-10-14 16:30:45', 'sql']]",PA - In Transit
C1768877,"[['PA - In Transit', '2024-10-14 16:30:45', 'sql']]",PA - In Transit
N1634763,"[['PA - In Transit', '2024-10-14 16:30:45', 'sql']]",PA - In Transit
N1634761,"[['PA - In Transit', '2024-10-14 16:30:45', 'sql']]",PA - In Transit
C1768895,"[['PA - In Transit', '2024-10-14 16:30:45', 'sql']]",PA - In Transit
N1634762,"[['PA - In Transit', '2024-10-14 16:30:45', 'sql']]",PA - In Transit
C1768893,"[['PA - In Transit', '2024-10-14 16:30:45', 'sql']]",PA - In Transit
C1768892,"[['PA - In Transit', '2024-10-14 16:30:45', 'sql']]",PA - In Transit
N1634770,"[['PA - In Transit', '2024-10-14 16:30:45', 'sql']]",PA - In Transit
N1634769,"[['PA - In Transit', '2024-10-14 16:30:45', 'sql']]",PA - In Transit
N1634759,"[['PA - In Transit', '2024-10-14 16:30:45', 'sql']]",PA - In Transit
C1768891,"[['PA - In Transit', '2024-10-14 16:30:45', 'sql']]",PA - In Transit
N1634758,"[['PA - In Transit', '2024-10-14 16:30:45', 'sql']]",PA - In Transit
C1768901,"[['PA - In Transit', '2024-10-14 16:30:45', 'sql']]",PA - In Transit
C1768890,"[['PA - In Transit', '2024-10-14 16:30:45', 'sql']]",PA - In Transit
C1768894,"[['PA - In Transit', '2024-10-14 16:30:45', 'sql']]",PA - In Transit
N1634739,"[['PA - In Transit', '2024-10-14 16:30:45', 'sql']]",PA - In Transit
N1634747,"[['PA - In Transit', '2024-10-14 16:30:45', 'sql']]",PA - In Transit
N1634757,"[['PA - In Transit', '2024-10-14 16:30:45', 'sql']]",PA - In Transit
C1768889,"[['PA - In Transit', '2024-10-14 16:30:45', 'sql']]",PA - In Transit
N1634756,"[['PA - In Transit', '2024-10-14 16:30:45', 'sql']]",PA - In Transit
C1768888,"[['PA - In Transit', '2024-10-14 16:30:45', 'sql']]",PA - In Transit
N1634738,"[['PA - In Transit', '2024-10-14 16:30:45', 'sql']]",PA - In Transit
N1634736,"[['PA - In Transit', '2024-10-14 16:30:45', 'sql']]",PA - In Transit
C1768886,"[['PA - In Transit', '2024-10-14 16:30:45', 'sql']]",PA - In Transit
C1768887,"[['PA - In Transit', '2024-10-14 16:30:45', 'sql']]",PA - In Transit
N1634735,"[['PA - In Transit', '2024-10-14 16:30:45', 'sql']]",PA - In Transit
N1634734,"[['PA - In Transit', '2024-10-14 16:30:45', 'sql']]",PA - In Transit
C1768885,"[['PA - In Transit', '2024-10-14 16:30:45', 'sql']]",PA - In Transit
N1634732,"[['PA - In Transit', '2024-10-14 16:30:45', 'sql']]",PA - In Transit
N1634755,"[['PA - In Transit', '2024-10-14 16:30:45', 'sql']]",PA - In Transit
N1634731,"[['PA - In Transit', '2024-10-14 16:30:45', 'sql']]",PA - In Transit
N1634733,"[['PA - In Transit', '2024-10-14 16:30:45', 'sql']]",PA - In Transit
C1768883,"[['PA - In Transit', '2024-10-14 16:30:45', 'sql']]",PA - In Transit
N1634729,"[['PA - In Transit', '2024-10-14 16:30:45', 'sql']]",PA - In Transit
N1634730,"[['PA - In Transit', '2024-10-14 16:30:45', 'sql']]",PA - In Transit
N1634754,"[['PA - In Transit', '2024-10-14 16:30:45', 'sql']]",PA - In Transit
N1634728,"[['PA - In Transit', '2024-10-14 16:30:45', 'sql']]",PA - In Transit
C1768873,"[['PA - In Transit', '2024-10-14 16:30:45', 'sql']]",PA - In Transit
N1634753,"[['PA - In Transit', '2024-10-14 16:30:45', 'sql']]",PA - In Transit
C1768882,"[['PA - In Transit', '2024-10-14 16:30:45', 'sql']]",PA - In Transit
N1634727,"[['PA - In Transit', '2024-10-14 16:30:45', 'sql']]",PA - In Transit
C1768881,"[['PA - In Transit', '2024-10-14 16:30:45', 'sql']]",PA - In Transit
C1768876,"[['PA - In Transit', '2024-10-14 16:30:45', 'sql']]",PA - In Transit
N1634744,"[['PA - In Transit', '2024-10-14 16:30:45', 'sql']]",PA - In Transit
C1768879,"[['PA - In Transit', '2024-10-14 16:30:45', 'sql']]",PA - In Transit
C1768880,"[['PA - In Transit', '2024-10-14 16:30:45', 'sql']]",PA - In Transit
C1768874,"[['PA - In Transit', '2024-10-14 16:30:45', 'sql']]",PA - In Transit
N1634752,"[['PA - In Transit', '2024-10-14 16:30:45', 'sql']]",PA - In Transit
N1634745,"[['PA - In Transit', '2024-10-14 16:30:45', 'sql']]",PA - In Transit
N1634726,"[['PA - In Transit', '2024-10-14 16:30:45', 'sql']]",PA - In Transit
N1634751,"[['PA - In Transit', '2024-10-14 16:30:45', 'sql']]",PA - In Transit
N1634723,"[['PA - In Transit', '2024-10-14 16:30:45', 'sql']]",PA - In Transit
C1768858,"[['PA - In Transit', '2024-10-14 16:30:45', 'sql']]",PA - In Transit
C1768833,"[['PA - In Transit', '2024-10-14 16:30:45', 'sql']]",PA - In Transit
N1634722,"[['PA - In Transit', '2024-10-14 16:30:45', 'sql']]",PA - In Transit
C1768834,"[['PA - In Transit', '2024-10-14 16:30:45', 'sql']]",PA - In Transit
N1634721,"[['PA - In Transit', '2024-10-14 16:30:45', 'sql']]",PA - In Transit
C1768857,"[['PA - In Transit', '2024-10-14 16:30:45', 'sql']]",PA - In Transit
C1768856,"[['PA - In Transit', '2024-10-14 16:30:45', 'sql']]",PA - In Transit
N1634800,"[['PA - In Transit', '2024-10-14 16:30:45', 'sql']]",PA - In Transit
C1769308,"[['NA', 'NA', 'NA']]",PA - In Transit
N1634719,"[['PA - In Transit', '2024-10-14 16:30:45', 'sql']]",PA - In Transit
N1634717,"[['PA - In Transit', '2024-10-14 16:30:45', 'sql']]",PA - In Transit
N1634718,"[['PA - In Transit', '2024-10-14 16:30:45', 'sql']]",PA - In Transit
N1634720,"[['PA - In Transit', '2024-10-14 16:30:45', 'sql']]",PA - In Transit
C1768855,"[['PA - In Transit', '2024-10-14 16:30:45', 'sql']]",PA - In Transit
C1768861,"[['PA - In Transit', '2024-10-14 16:30:45', 'sql']]",PA - In Transit
N1634749,"[['PA - In Transit', '2024-10-14 16:30:45', 'sql']]",PA - In Transit
C1768854,"[['PA - In Transit', '2024-10-14 16:30:45', 'sql']]",PA - In Transit
C1768853,"[['PA - In Transit', '2024-10-14 16:30:45', 'sql']]",PA - In Transit
C1768852,"[['PA - In Transit', '2024-10-14 16:30:45', 'sql']]",PA - In Transit
C1768851,"[['PA - In Transit', '2024-10-14 16:30:45', 'sql']]",PA - In Transit
N1634705,"[['PA - In Transit', '2024-10-14 16:30:45', 'sql']]",PA - In Transit
N1634750,"[['PA - In Transit', '2024-10-14 16:30:45', 'sql']]",PA - In Transit
C1768862,"[['PA - In Transit', '2024-10-14 16:30:45', 'sql']]",PA - In Transit
N1634743,"[['PA - In Transit', '2024-10-14 16:30:45', 'sql']]",PA - In Transit
C1768850,"[['PA - In Transit', '2024-10-14 16:30:45', 'sql']]",PA - In Transit
N1634703,"[['PA - In Transit', '2024-10-14 16:30:45', 'sql']]",PA - In Transit
C1768848,"[['PA - In Transit', '2024-10-14 16:30:45', 'sql']]",PA - In Transit
N1634712,"[['PA - In Transit', '2024-10-14 16:30:45', 'sql']]",PA - In Transit
N1634715,"[['PA - In Transit', '2024-10-14 16:30:45', 'sql']]",PA - In Transit
N1634714,"[['PA - In Transit', '2024-10-14 16:30:45', 'sql']]",PA - In Transit
C1768832,"[['PA - In Transit', '2024-10-14 16:30:45', 'sql']]",PA - In Transit
C1768847,"[['PA - In Transit', '2024-10-14 16:30:45', 'sql']]",PA - In Transit
N1634713,"[['PA - In Transit', '2024-10-14 16:30:45', 'sql']]",PA - In Transit
N1634701,"[['PA - In Transit', '2024-10-14 16:30:45', 'sql']]",PA - In Transit
N1634700,"[['PA - In Transit', '2024-10-14 16:30:45', 'sql']]",PA - In Transit
C1768846,"[['PA - In Transit', '2024-10-14 16:30:45', 'sql']]",PA - In Transit
C1768864,"[['PA - In Transit', '2024-10-14 16:30:45', 'sql']]",PA - In Transit
C1768844,"[['PA - In Transit', '2024-10-14 16:30:45', 'sql']]",PA - In Transit
N1634687,"[['PA - In Transit', '2024-10-14 16:30:45', 'sql']]",PA - In Transit
C1768831,"[['PA - In Transit', '2024-10-14 16:30:45', 'sql']]",PA - In Transit
N1634662,"[['PA - In Transit', '2024-10-14 16:30:45', 'sql']]",PA - In Transit
N1634699,"[['PA - In Transit', '2024-10-14 16:30:45', 'sql']]",PA - In Transit
C1768863,"[['PA - In Transit', '2024-10-14 16:30:45', 'sql']]",PA - In Transit
N1634675,"[['PA - In Transit', '2024-10-14 16:30:45', 'sql']]",PA - In Transit
C1768843,"[['PA - In Transit', '2024-10-14 16:30:45', 'sql']]",PA - In Transit
N1634698,"[['PA - In Transit', '2024-10-14 16:30:45', 'sql']]",PA - In Transit
N1634676,"[['PA - In Transit', '2024-10-14 16:30:45', 'sql']]",PA - In Transit
N1634697,"[['PA - In Transit', '2024-10-14 16:30:45', 'sql']]",PA - In Transit
N1634696,"[['PA - In Transit', '2024-10-14 16:30:45', 'sql']]",PA - In Transit
C1768842,"[['PA - In Transit', '2024-10-14 16:30:45', 'sql']]",PA - In Transit
C1768841,"[['PA - In Transit', '2024-10-14 16:30:45', 'sql']]",PA - In Transit
N1634672,"[['PA - In Transit', '2024-10-14 16:30:45', 'sql']]",PA - In Transit
N1634670,"[['PA - In Transit', '2024-10-14 16:30:45', 'sql']]",PA - In Transit
N1634668,"[['PA - In Transit', '2024-10-14 16:30:45', 'sql']]",PA - In Transit
N1634683,"[['PA - In Transit', '2024-10-14 16:30:45', 'sql']]",PA - In Transit
C1768839,"[['PA - In Transit', '2024-10-14 16:30:45', 'sql']]",PA - In Transit
N1634669,"[['PA - In Transit', '2024-10-14 16:30:45', 'sql']]",PA - In Transit
N1634685,"[['PA - In Transit', '2024-10-14 16:30:45', 'sql']]",PA - In Transit
C1768840,"[['PA - In Transit', '2024-10-14 16:30:45', 'sql']]",PA - In Transit
N1634694,"[['PA - In Transit', '2024-10-14 16:30:45', 'sql']]",PA - In Transit
N1634684,"[['PA - In Transit', '2024-10-14 16:30:45', 'sql']]",PA - In Transit
C1768865,"[['PA - In Transit', '2024-10-14 16:30:45', 'sql']]",PA - In Transit
C1768837,"[['PA - In Transit', '2024-10-14 16:30:45', 'sql']]",PA - In Transit
N1634667,"[['PA - In Transit', '2024-10-14 16:30:45', 'sql']]",PA - In Transit
N1634664,"[['PA - In Transit', '2024-10-14 16:30:45', 'sql']]",PA - In Transit
C1768838,"[['PA - In Transit', '2024-10-14 16:30:45', 'sql']]",PA - In Transit
C1768836,"[['PA - In Transit', '2024-10-14 13:29:33', 'Admin'], ['PA - In Transit', '2024-10-14 16:30:45', 'sql']]",PA - In Transit
N1634692,"[['PA - In Transit', '2024-10-14 13:29:33', 'Admin'], ['PA - In Transit', '2024-10-14 16:30:45', 'sql']]",PA - In Transit
N1634663,"[['PA - In Transit', '2024-10-14 13:29:33', 'Admin'], ['PA - In Transit', '2024-10-14 16:30:45', 'sql']]",PA - In Transit
C1768860,"[['PA - In Transit', '2024-10-14 13:29:33', 'Admin'], ['PA - In Transit', '2024-10-14 16:30:45', 'sql']]",PA - In Transit
N1634661,"[['PA - In Transit', '2024-10-14 13:29:33', 'Admin'], ['PA - In Transit', '2024-10-14 16:30:45', 'sql']]",PA - In Transit
C1768820,"[['PA - In Transit', '2024-10-14 13:29:33', 'Admin'], ['PA - In Transit', '2024-10-14 16:30:45', 'sql']]",PA - In Transit
N1634665,"[['PA - In Transit', '2024-10-14 13:29:33', 'Admin'], ['PA - In Transit', '2024-10-14 16:30:45', 'sql']]",PA - In Transit
N1634691,"[['PA - In Transit', '2024-10-14 13:29:33', 'Admin'], ['PA - In Transit', '2024-10-14 16:30:45', 'sql']]",PA - In Transit
C1768819,"[['PA - In Transit', '2024-10-14 13:29:33', 'Admin'], ['PA - In Transit', '2024-10-14 16:30:45', 'sql']]",PA - In Transit
N1634660,"[['PA - In Transit', '2024-10-14 13:29:33', 'Admin'], ['PA - In Transit', '2024-10-14 16:30:45', 'sql']]",PA - In Transit
N1634659,"[['PA - In Transit', '2024-10-14 13:29:33', 'Admin'], ['PA - In Transit', '2024-10-14 16:30:45', 'sql']]",PA - In Transit
C1768807,"[['PA - In Transit', '2024-10-14 13:29:33', 'Admin'], ['PA - In Transit', '2024-10-14 16:30:45', 'sql']]",PA - In Transit
N1634690,"[['PA - In Transit', '2024-10-14 13:29:33', 'Admin'], ['PA - In Transit', '2024-10-14 16:30:45', 'sql']]",PA - In Transit
C1768818,"[['PA - In Transit', '2024-10-14 13:29:33', 'Admin'], ['PA - In Transit', '2024-10-14 16:30:45', 'sql']]",PA - In Transit
N1634625,"[['PA - In Transit', '2024-10-14 13:29:33', 'Admin'], ['PA - In Transit', '2024-10-14 16:30:45', 'sql']]",PA - In Transit
N1634688,"[['PA - In Transit', '2024-10-14 13:29:33', 'Admin'], ['PA - In Transit', '2024-10-14 16:30:45', 'sql']]",PA - In Transit
C1768817,"[['PA - In Transit', '2024-10-14 13:29:33', 'Admin'], ['PA - In Transit', '2024-10-14 16:30:45', 'sql']]",PA - In Transit
N1634689,"[['PA - In Transit', '2024-10-14 13:29:33', 'Admin'], ['PA - In Transit', '2024-10-14 16:30:45', 'sql']]",PA - In Transit
N1634656,"[['PA - In Transit', '2024-10-14 13:29:33', 'Admin'], ['PA - In Transit', '2024-10-14 16:30:45', 'sql']]",PA - In Transit
C1770881,"[['PA - In Transit', '2024-10-15 09:35:24', 'Admin'], ['PA - Not Delivered', '2024-10-15 09:37:39', 'Admin']]",PA - Not Delivered
C1770880,"[['PA - In Transit', '2024-10-15 09:35:24', 'Admin']]",PA - In Transit
C1770875,"[['PA - In Transit', '2024-10-15 09:35:24', 'Admin']]",PA - In Transit
C1770878,"[['PA - In Transit', '2024-10-15 09:35:24', 'Admin']]",PA - In Transit
C1770877,"[['PA - In Transit', '2024-10-15 09:35:24', 'Admin']]",PA - In Transit
C1770876,"[['PA - In Transit', '2024-10-15 09:35:24', 'Admin']]",PA - In Transit
C1770874,"[['PA - In Transit', '2024-10-15 09:35:24', 'Admin']]",PA - In Transit
C1770872,"[['PA - In Transit', '2024-10-15 09:35:24', 'Admin']]",PA - In Transit
C1770870,"[['PA - In Transit', '2024-10-15 09:35:24', 'Admin']]",PA - In Transit
C1770871,"[['PA - In Transit', '2024-10-15 09:35:24', 'Admin']]",PA - In Transit
C1770869,"[['PA - In Transit', '2024-10-15 09:35:24', 'Admin']]",PA - In Transit
C1770868,"[['PA - In Transit', '2024-10-15 09:35:24', 'Admin']]",PA - In Transit
C1770866,"[['PA - In Transit', '2024-10-15 09:35:24', 'Admin']]",PA - In Transit
C1770867,"[['PA - In Transit', '2024-10-15 09:35:24', 'Admin']]",PA - In Transit
C1770865,"[['PA - In Transit', '2024-10-15 09:35:24', 'Admin']]",PA - In Transit
C1770864,"[['PA - In Transit', '2024-10-15 09:35:24', 'Admin']]",PA - In Transit
C1770873,"[['PA - In Transit', '2024-10-15 09:35:24', 'Admin']]",PA - In Transit
C1770879,"[['PA - In Transit', '2024-10-15 09:35:24', 'Admin']]",PA - In Transit
C1770859,"[['PA - In Transit', '2024-10-15 09:35:24', 'Admin']]",PA - In Transit
C1770858,"[['PA - In Transit', '2024-10-15 09:35:24', 'Admin']]",PA - In Transit
C1770857,"[['PA - In Transit', '2024-10-15 09:35:24', 'Admin']]",PA - In Transit
C1770851,"[['PA - In Transit', '2024-10-15 09:35:24', 'Admin']]",PA - In Transit
C1770835,"[['PA - In Transit', '2024-10-15 09:35:24', 'Admin']]",PA - In Transit
C1770825,"[['PA - In Transit', '2024-10-15 09:35:24', 'Admin']]",PA - In Transit
C1770821,"[['PA - In Transit', '2024-10-15 09:35:24', 'Admin']]",PA - In Transit
