Shipment_number,Tag
C1672017,Priority
C1668900,Priority
C1667507,Delayed
C1669575,Delayed
N1534067,Delayed
N1501917,Delayed
Z294697,Priority
N1573262,Priority
N1617433,Priority
N1479923,Priority
N1508745,Priority
N1544021,Priority
Z293992,Priority
W689493,Priority
N1549373,Priority
N1549442,Priority
N1506309,Priority
N1481706,Priority
N1478283,Priority
Z287816,Priority
Z308025,Priority
Z286979,Priority
N1575279,Priority
N1512506,Priority
N1517621,Delayed
C1672017,Priority
C1668900,Priority
C1667507,Priority
C1669575,Priority
N1534067,Priority
N1501917,Priority
Z294697,Priority
N1573262,Priority
N1617433,Priority
N1479923,Priority
N1508745,Priority
N1544021,Priority
Z293992,Priority
W689493,Priority
N1549373,Priority
N1549442,Priority
N1506309,Priority
N1481706,Priority
N1478283,Priority
Z287816,Priority
Z308025,Priority
Z286979,Priority
N1575279,Priority
N1512506,Priority
N1517621,Priority
C1672017,Priority
C1668900,Priority
C1667507,Priority
C1669575,Priority
N1534067,Priority
N1501917,Priority
Z294697,Priority
N1573262,Priority
N1617433,Priority
N1479923,Priority
N1508745,Priority
N1544021,Priority
Z293992,Priority
W689493,Priority
N1549373,Priority
N1549442,Priority
N1506309,Priority
N1481706,Priority
N1478283,Priority
Z287816,Priority
Z308025,Priority
Z286979,Priority
N1575279,Priority
N1512506,Priority
N1517621,Priority
C1672017,Priority
C1668900,Priority
C1667507,Priority
C1669575,Priority
N1534067,Priority
N1501917,Priority
Z294697,Priority
N1573262,Priority
N1617433,Priority
N1479923,Priority
N1508745,Priority
N1544021,Priority
Z293992,Priority
W689493,Priority
N1549373,Priority
N1549442,Priority
N1506309,Priority
N1481706,Priority
N1478283,Priority
Z287816,Priority
Z308025,Priority
Z286979,Priority
N1575279,Priority
N1512506,Priority
N1517621,Priority
N1567613,Priority
Z296025,Priority
N1554821,Priority
N1508585,Priority
Z278524,Priority
N1599382,Priority
N1483619,Priority
N1483620,Priority
N1495495,Priority
N1508063,Priority
N1534634,Priority
N1537127,Priority
N1602000,Priority
N1549602,Priority
N1611288,Priority
N1494157,Priority
Z297854,Priority
Z297629,Priority
N1470405,Priority
Z284622,Priority
N1463799,Priority
N1466624,Priority
N1467603,Priority
N1469112,Priority
N1469456,Priority
C1672017,Priority
C1668900,Priority
C1667507,Priority
C1669575,Priority
N1534067,Priority
N1501917,Priority
Z294697,Priority
N1573262,Priority
N1617433,Priority
N1479923,Priority
N1508745,Priority
N1544021,Priority
Z293992,Priority
W689493,Priority
N1549373,Priority
N1549442,Priority
N1506309,Priority
N1481706,Priority
N1478283,Priority
Z287816,Priority
Z308025,Priority
Z286979,Priority
N1575279,Priority
N1512506,Priority
N1517621,Priority
C1672017,Priority
C1668900,Priority
C1667507,Priority
C1669575,Priority
N1534067,Priority
N1501917,Priority
Z294697,Priority
N1573262,Priority
N1617433,Priority
N1479923,Priority
N1508745,Priority
N1544021,Priority
Z293992,Priority
W689493,Priority
N1549373,Priority
N1549442,Priority
N1506309,Priority
N1481706,Priority
N1478283,Priority
Z287816,Priority
Z308025,Priority
Z286979,Priority
N1575279,Priority
N1512506,Priority
N1517621,Priority
C1672017,Priority
C1668900,Priority
C1667507,Priority
C1669575,Priority
N1534067,Priority
N1501917,Priority
Z294697,Priority
N1573262,Priority
N1617433,Priority
N1479923,Priority
N1508745,Priority
N1544021,Priority
Z293992,Priority
W689493,Priority
N1549373,Priority
N1549442,Priority
N1506309,Priority
N1481706,Priority
N1478283,Priority
Z287816,Priority
Z308025,Priority
Z286979,Priority
N1575279,Priority
N1512506,Priority
N1517621,Priority
C1672017,Priority
C1668900,Priority
C1667507,Priority
C1669575,Priority
N1534067,Priority
N1501917,Priority
Z294697,Priority
N1573262,Priority
N1617433,Priority
N1479923,Priority
N1508745,Priority
N1544021,Priority
Z293992,Priority
W689493,Priority
N1549373,Priority
N1549442,Priority
N1506309,Priority
N1481706,Priority
N1478283,Priority
Z287816,Priority
Z308025,Priority
Z286979,Priority
N1575279,Priority
N1512506,Priority
N1517621,Priority
N1620326,Priority
N1620686,Priority
N1617619,Priority
N1619252,Priority
N1615319,Priority
N1615134,Priority
C1672017,Priority
C1668900,Priority
C1667507,Priority
C1669575,Priority
N1534067,Priority
N1501917,Priority
Z294697,Priority
N1573262,Priority
N1617433,Priority
N1479923,Priority
N1508745,Priority
N1544021,Priority
Z293992,Priority
W689493,Priority
N1549373,Priority
N1549442,Priority
N1506309,Priority
N1481706,Priority
N1478283,Priority
Z287816,Priority
Z308025,Priority
Z286979,Priority
N1575279,Priority
N1512506,Priority
N1517621,Priority
C1672017,Priority
C1668900,Priority
C1667507,Priority
C1669575,Priority
N1534067,Priority
N1501917,Priority
Z294697,Priority
N1573262,Priority
N1617433,Priority
N1479923,Priority
N1508745,Priority
N1544021,Priority
Z293992,Priority
W689493,Priority
N1549373,Priority
N1549442,Priority
N1506309,Priority
N1481706,Priority
N1478283,Priority
Z287816,Priority
Z308025,Priority
Z286979,Priority
N1575279,Priority
N1512506,Priority
N1517621,Priority
N1615719,Priority
N1606474,In-Progress
N1617276,In-Progress
N1617729,Priority
N1613893,Priority
N1615398,Priority
N1615308,Priority
N1618205,Priority
N1618114,Priority
N1605970,Priority
N1615467,Priority
N1619497,Priority
N1615310,Priority
Z307662,Priority
N1615787,Priority
N1615786,Priority
N1618792,Priority
N1615546,Priority
N1615309,Priority
N1621627,Priority
N1616627,Priority
C1672017,Priority
C1668900,Priority
C1667507,Priority
C1669575,Priority
N1534067,Priority
N1501917,Priority
Z294697,Priority
N1573262,Priority
N1617433,Priority
N1479923,Priority
N1508745,Priority
N1544021,Priority
Z293992,Priority
W689493,Priority
N1549373,Priority
N1549442,Priority
N1506309,Priority
N1481706,Priority
N1478283,Priority
Z287816,Priority
Z308025,Priority
Z286979,Priority
N1575279,Priority
N1512506,Priority
N1517621,Priority
C1672017,Priority
C1668900,Priority
C1667507,Priority
C1669575,Priority
N1534067,Priority
N1501917,Priority
Z294697,Priority
N1573262,Priority
N1617433,Priority
N1479923,Priority
N1508745,Priority
N1544021,Priority
Z293992,Priority
W689493,Priority
N1549373,Priority
N1549442,Priority
N1506309,Priority
N1481706,Priority
N1478283,Priority
Z287816,Priority
Z308025,Priority
Z286979,Priority
N1575279,Priority
N1512506,Priority
N1517621,Priority
C1672017,Priority
C1668900,Priority
C1667507,Priority
C1669575,Priority
N1534067,Priority
N1501917,Priority
Z294697,Priority
N1573262,Priority
N1617433,Priority
N1479923,Priority
N1508745,Priority
N1544021,Priority
Z293992,Priority
W689493,Priority
N1549373,Priority
N1549442,Priority
N1506309,Priority
N1481706,Priority
N1478283,Priority
Z287816,Priority
Z308025,Priority
Z286979,Priority
N1575279,Priority
N1512506,Priority
N1517621,Priority
C1672017,Priority
C1668900,Priority
C1667507,Priority
C1669575,Priority
N1534067,Priority
N1501917,Priority
Z294697,Priority
N1573262,Priority
N1617433,Priority
N1479923,Priority
N1508745,Priority
N1544021,Priority
Z293992,Priority
W689493,Priority
N1549373,Priority
N1549442,Priority
N1506309,Priority
N1481706,Priority
N1478283,Priority
Z287816,Priority
Z308025,Priority
Z286979,Priority
N1575279,Priority
N1512506,Priority
N1517621,Priority
C1672017,Priority
C1668900,Priority
C1667507,Priority
C1669575,Priority
N1534067,Priority
N1501917,Priority
Z294697,Priority
N1573262,Priority
N1617433,Priority
N1479923,Priority
N1508745,Priority
N1544021,Priority
Z293992,Priority
W689493,Priority
N1549373,Priority
N1549442,Priority
N1506309,Priority
N1481706,Priority
N1478283,Priority
Z287816,Priority
Z308025,Priority
Z286979,Priority
N1575279,Priority
N1512506,Priority
N1517621,Priority
N1615719,Priority
N1606474,Priority
N1617276,Priority
N1617729,Priority
N1613893,Priority
N1615398,Priority
N1615308,Priority
N1618205,Priority
N1618114,Priority
N1605970,Priority
N1615467,Priority
N1619497,Priority
N1615310,Priority
Z307662,Priority
N1615787,Priority
N1615786,Priority
N1618792,Priority
N1615546,Priority
N1615309,Priority
N1621627,Priority
N1616627,Priority
C1672017,Priority
C1668900,Priority
C1667507,Priority
C1669575,Priority
N1534067,Priority
N1501917,Priority
Z294697,Priority
N1573262,Priority
N1617433,Priority
N1479923,Priority
N1508745,Priority
N1544021,Priority
Z293992,Priority
W689493,Priority
N1549373,Priority
N1549442,Priority
N1506309,Priority
N1481706,Priority
N1478283,Priority
Z287816,Priority
Z308025,Priority
Z286979,Priority
N1575279,Priority
N1512506,Priority
N1517621,Priority
N1615600,Priority
N1602494,Priority
N1615307,Priority
Z308355,Priority
N1620952,Priority
N1610340,Priority
N1622484,Priority
N1609796,Priority
N1611223,Priority
N1602538,Priority
N1612253,Priority
N1613839,Priority
N1618177,Priority
N1620148,Priority
N1620916,Priority
N1614891,Priority
N1617727,Priority
N1616571,Priority
N1615600,Priority
N1615307,Priority
Z308355,Priority
N1620952,Priority
N1622484,Priority
N1611223,Priority
N1612253,Priority
N1613839,Priority
N1618177,Priority
N1620148,Priority
N1620916,Priority
N1614891,Priority
N1617727,Priority
N1616571,Priority
C1672017,Priority
C1668900,Priority
C1667507,Priority
C1669575,Priority
N1534067,Priority
N1501917,Priority
Z294697,Priority
N1573262,Priority
N1617433,Priority
N1479923,Priority
N1508745,Priority
N1544021,Priority
Z293992,Priority
W689493,Priority
N1549373,Priority
N1549442,Priority
N1506309,Priority
N1481706,Priority
N1478283,Priority
Z287816,Priority
Z308025,Priority
Z286979,Priority
N1575279,Priority
N1512506,Priority
N1517621,Priority
N1615719,Priority
N1606474,Priority
N1617276,Priority
N1617729,Priority
N1613893,Priority
N1615398,Priority
N1615308,Priority
N1618205,Priority
N1505749,Priority
N1522958,Priority
N1505722,Priority
N1618114,Priority
N1605970,Priority
N1551014,Priority
N1620396,Priority
N1615467,Priority
N1517126,Priority
N1619497,Priority
N1615310,Priority
N1620785,Priority
Z307662,Priority
N1526521,Priority
N1523918,Priority
N1526712,Priority
N1521884,Priority
C1672017,Priority
C1668900,Priority
C1667507,Priority
C1669575,Priority
N1534067,Priority
N1501917,Priority
Z294697,Priority
N1573262,Priority
N1617433,Priority
N1479923,Priority
N1508745,Priority
N1544021,Priority
Z293992,Priority
W689493,Priority
N1549373,Priority
N1549442,Priority
N1506309,Priority
N1481706,Priority
N1478283,Priority
Z287816,Priority
Z308025,Priority
Z286979,Priority
N1575279,Priority
N1512506,Priority
N1517621,Priority
C1672017,Priority
C1668900,Priority
C1667507,Priority
C1669575,Priority
N1534067,Priority
N1501917,Priority
Z294697,Priority
N1573262,Priority
N1617433,Priority
N1479923,Priority
N1508745,Priority
N1544021,Priority
Z293992,Priority
W689493,Priority
N1549373,Priority
N1549442,Priority
N1506309,Priority
N1481706,Priority
N1478283,Priority
Z287816,Priority
Z308025,Priority
Z286979,Priority
N1575279,Priority
N1512506,Priority
N1517621,Priority
C1672017,Priority
C1668900,Priority
C1667507,Priority
C1669575,Priority
N1534067,Priority
N1501917,Priority
Z294697,Priority
N1573262,Priority
N1617433,Priority
N1479923,Priority
N1508745,Priority
N1544021,Priority
Z293992,Priority
W689493,Priority
N1549373,Priority
N1549442,Priority
N1506309,Priority
N1481706,Priority
N1478283,Priority
Z287816,Priority
Z308025,Priority
Z286979,Priority
N1575279,Priority
N1512506,Priority
N1517621,Priority
N1502173,Priority
N1472494,Priority
N1473318,Priority
N1473631,Priority
N1475294,Priority
N1476927,Priority
N1481811,Priority
N1496736,Priority
N1498129,Priority
N1498567,Priority
N1498568,Priority
N1501402,Priority
N1501381,Priority
N1501407,Priority
N1501318,Priority
N1501450,Priority
N1498092,Priority
N1503275,Priority
N1507784,Priority
N1508362,Priority
N1510145,Priority
N1510569,Priority
N1510546,Priority
N1513990,Priority
N1514541,Priority
C1672017,Priority
C1668900,Priority
C1667507,Priority
C1669575,Priority
N1534067,Priority
N1501917,Priority
Z294697,Priority
N1573262,Priority
N1617433,Priority
N1479923,Priority
N1508745,Priority
N1544021,Priority
Z293992,Priority
W689493,Priority
N1549373,Priority
N1549442,Priority
N1506309,Priority
N1481706,Priority
N1478283,Priority
Z287816,Priority
Z308025,Priority
Z286979,Priority
N1575279,Priority
N1512506,Priority
N1517621,Priority
N1502173,Priority
N1472494,Priority
N1473318,Priority
N1473631,Priority
N1475294,Priority
N1476927,Priority
N1481811,Priority
N1496736,Priority
N1498129,Priority
N1498567,Priority
N1498568,Priority
N1501402,Priority
N1501381,Priority
N1501407,Priority
N1501318,Priority
N1501450,Priority
N1498092,Priority
N1503275,Priority
N1507784,Priority
N1508362,Priority
N1510145,Priority
N1510569,Priority
N1510546,Priority
N1513990,Priority
N1514541,Priority
N1620326,Priority
N1620686,Priority
N1621800,Priority
N1617619,Priority
N1619252,Priority
N1605216,Priority
N1615319,Priority
N1622389,Priority
N1615134,Priority
N1620326,Priority
N1620686,Priority
N1621800,Priority
N1617619,Priority
N1619252,Priority
N1605216,Priority
N1615319,Priority
N1622389,Priority
N1615134,Priority
N1620326,Priority
N1620686,Priority
N1621800,Priority
N1617619,Priority
N1619252,Priority
N1605216,Priority
N1615319,Priority
N1622389,Priority
N1615134,Priority
N1569697,Priority
N1569705,Priority
Z295086,Priority
N1571984,Priority
N1573167,Priority
N1576584,Priority
N1576585,Priority
N1577687,Priority
N1601015,Priority
N1603697,Priority
N1604415,Priority
N1611467,Priority
N1612122,Priority
N1612213,Priority
N1614319,Priority
N1615284,Priority
N1615789,Priority
Z307736,Priority
Z308258,Priority
C1672017,Priority
C1668900,Priority
C1667507,Priority
C1669575,Priority
N1534067,Priority
N1501917,Priority
Z294697,Priority
N1573262,Priority
N1617433,Priority
N1479923,Priority
N1508745,Priority
N1544021,Priority
Z293992,Priority
W689493,Priority
N1549373,Priority
N1549442,Priority
N1506309,Priority
N1481706,Priority
N1478283,Priority
Z287816,Priority
Z308025,Priority
Z286979,Priority
N1575279,Priority
N1512506,Priority
N1517621,Priority
C1672017,Priority
C1668900,Priority
C1667507,Priority
C1669575,Priority
N1534067,Priority
N1501917,Priority
Z294697,Priority
N1573262,Priority
N1617433,Priority
N1479923,Priority
N1508745,Priority
N1544021,Priority
Z293992,Priority
W689493,Priority
N1549373,Priority
N1549442,Priority
N1506309,Priority
N1481706,Priority
N1478283,Priority
Z287816,Priority
Z308025,Priority
Z286979,Priority
N1575279,Priority
N1512506,Priority
N1517621,Priority
N1599382,Priority
N1602000,Priority
N1611288,Priority
N1570682,Priority
N1574171,Priority
N1574923,Priority
N1575262,Priority
N1571648,Priority
N1575804,Priority
N1579679,Priority
N1582113,Priority
N1582702,Priority
Z299713,Priority
N1585939,Priority
N1583282,Priority
N1591627,Priority
N1590259,Priority
N1593348,Priority
N1593827,Priority
N1593621,Priority
N1598024,Priority
N1599660,Priority
N1602100,Priority
N1602166,Priority
N1602466,Priority
N1599382,Priority
N1602000,Priority
N1611288,Priority
N1570682,Priority
N1574171,Priority
N1574923,Priority
N1575262,Priority
N1571648,Priority
N1575804,Priority
N1579679,Priority
N1582113,Priority
N1582702,Priority
Z299713,Priority
N1585939,Priority
N1583282,Priority
N1591627,Priority
N1590259,Priority
N1593348,Priority
N1593827,Priority
N1593621,Priority
N1598024,Priority
N1599660,Priority
N1602100,Priority
N1602166,Priority
N1602466,Priority
N1599382,Priority
N1602000,Priority
N1611288,Priority
N1570682,Priority
N1574171,Priority
N1574923,Priority
N1575262,Priority
N1571648,Priority
N1575804,Priority
N1579679,Priority
N1582113,Priority
N1582702,Priority
Z299713,Priority
N1585939,Priority
N1583282,Priority
N1591627,Priority
N1590259,Priority
N1593348,Priority
N1593827,Priority
N1593621,Priority
N1598024,Priority
N1599660,Priority
N1602100,Priority
N1602166,Priority
N1602466,Priority
N1599382,Priority
N1602000,Priority
N1611288,Priority
N1570682,Priority
N1574171,Priority
N1574923,Priority
N1575262,Priority
N1571648,Priority
N1575804,Priority
N1579679,Priority
N1582113,Priority
N1582702,Priority
Z299713,Priority
N1585939,Priority
N1583282,Priority
N1591627,Priority
N1590259,Priority
N1593348,Priority
N1593827,Priority
N1593621,Priority
N1598024,Priority
N1599660,Priority
N1602100,Priority
N1602166,Priority
N1602466,Priority
N1599382,Priority
N1602000,Priority
N1611288,Priority
N1570682,Priority
N1574171,Priority
N1574923,Priority
N1575262,Priority
N1571648,Priority
N1575804,Priority
N1579679,Priority
N1582113,Priority
N1582702,Priority
Z299713,Priority
N1585939,Priority
N1583282,Priority
N1591627,Priority
N1590259,Priority
N1593348,Priority
N1593827,Priority
N1593621,Priority
N1598024,Priority
N1599660,Priority
N1602100,Priority
N1602166,Priority
N1602466,Priority
N1599382,Priority
N1602000,Priority
N1611288,Priority
N1570682,Priority
N1574171,Priority
N1574923,Priority
N1575262,Priority
N1571648,Priority
N1575804,Priority
N1579679,Priority
N1582113,Priority
N1582702,Priority
Z299713,Priority
N1585939,Priority
N1583282,Priority
N1591627,Priority
N1590259,Priority
N1593348,Priority
N1593827,Priority
N1593621,Priority
N1598024,Priority
N1599660,Priority
N1602100,Priority
N1602166,Priority
N1602466,Priority
N1599382,Priority
N1602000,Priority
N1611288,Priority
N1570682,Priority
N1574171,Priority
N1574923,Priority
N1575262,Priority
N1571648,Priority
N1575804,Priority
N1579679,Priority
N1582113,Priority
N1582702,Priority
Z299713,Priority
N1585939,Priority
N1583282,Priority
N1591627,Priority
N1590259,Priority
N1593348,Priority
N1593827,Priority
N1593621,Priority
N1598024,Priority
N1599660,Priority
N1602100,Priority
N1602166,Priority
N1602466,Priority
N1463811,Priority
N1465809,Priority
N1466335,Priority
N1466882,Priority
N1466883,Priority
N1467743,Priority
N1467754,Priority
N1468356,Priority
N1469203,Priority
N1469169,Priority
N1470033,Priority
N1471404,Priority
N1474354,Priority
N1474839,Priority
N1475244,Priority
N1475778,Priority
N1476061,Priority
N1478572,Priority
N1478832,Priority
N1480441,Priority
N1480662,Priority
N1480554,Priority
N1480584,Priority
N1481018,Priority
N1481033,Priority
N1617433,Priority
Z308025,Priority
N1620278,Priority
N1615611,Priority
N1616494,Priority
N1617350,Priority
Z308234,Priority
Z308226,Priority
N1621305,Priority
N1621871,Priority
N1612691,Priority
N1621297,Priority
N1619936,Priority
N1614530,Priority
N1616736,Priority
Z308365,Priority
N1613385,Priority
N1615400,Priority
N1616857,Priority
N1617531,Priority
N1615719,Priority
N1615254,Priority
N1614995,Priority
N1617533,Priority
N1617771,Priority
N1599382,Priority
N1602000,Priority
N1611288,Priority
N1598024,Priority
N1599660,Priority
N1602100,Priority
N1602166,Priority
N1602466,Priority
N1604067,Priority
N1603847,Priority
N1603013,Priority
N1603532,Priority
N1602458,Priority
Z306200,Priority
N1610663,Priority
N1610989,Priority
N1610876,Priority
N1606345,Priority
N1603504,Priority
N1597387,Priority
N1598284,Priority
N1604512,Priority
N1603241,Priority
Z304687,Priority
N1603393,Priority
N1599382,Priority
N1602000,Priority
N1611288,Priority
N1598024,Priority
N1599660,Priority
N1602100,Priority
N1602166,Priority
N1602466,Priority
N1604067,Priority
N1603847,Priority
N1603013,Priority
N1603532,Priority
N1602458,Priority
Z306200,Priority
N1610663,Priority
N1610989,Priority
N1610876,Priority
N1606345,Priority
N1603504,Priority
N1597387,Priority
N1598284,Priority
N1604512,Priority
N1603241,Priority
Z304687,Priority
N1603393,Priority
N1599382,Priority
N1602000,Priority
N1611288,Priority
N1598024,Priority
N1599660,Priority
N1602100,Priority
N1602166,Priority
N1602466,Priority
N1604067,Priority
N1603847,Priority
N1603013,Priority
N1603532,Priority
N1602458,Priority
Z306200,Priority
N1610663,Priority
N1610989,Priority
N1610876,Priority
N1606345,Priority
N1603504,Priority
N1597387,Priority
N1598284,Priority
N1604512,Priority
N1603241,Priority
Z304687,Priority
N1603393,Priority
N1507784,Priority
N1508362,Priority
N1510145,Priority
N1510569,Priority
N1510546,Priority
N1513990,Priority
N1514541,Priority
N1514466,Priority
N1514617,Priority
N1517013,Priority
Z281973,Priority
N1519294,Priority
Z283106,Priority
N1520554,Priority
N1521664,Priority
N1523920,Priority
N1525312,Priority
N1526594,Priority
N1531204,Priority
Z291481,Priority
N1620326,Priority
N1620686,Priority
N1621800,Priority
N1517723,Priority
N1514496,Priority
N1507784,Priority
N1508362,Priority
N1510145,Priority
N1510569,Priority
N1510546,Priority
N1513990,Priority
N1514541,Priority
N1514466,Priority
N1514617,Priority
N1517013,Priority
Z281973,Priority
N1519294,Priority
Z283106,Priority
N1520554,Priority
N1521664,Priority
N1523920,Priority
N1525312,Priority
N1526594,Priority
N1531204,Priority
Z291481,Priority
N1620326,Priority
N1620686,Priority
N1621800,Priority
N1517723,Priority
N1514496,Priority
N1507784,Priority
N1508362,Priority
N1510145,Priority
N1510569,Priority
N1510546,Priority
N1513990,Priority
N1514541,Priority
N1514466,Priority
N1514617,Priority
N1517013,Priority
Z281973,Priority
N1519294,Priority
Z283106,Priority
N1520554,Priority
N1521664,Priority
N1523920,Priority
N1525312,Priority
N1526594,Priority
N1531204,Priority
Z291481,Priority
N1620326,Priority
N1620686,Priority
N1621800,Priority
N1517723,Priority
N1514496,Priority
N1507784,Priority
N1508362,Priority
N1510145,Priority
N1510569,Priority
N1510546,Priority
N1513990,Priority
N1514541,Priority
N1514466,Priority
N1514617,Priority
N1517013,Priority
Z281973,Priority
N1519294,Priority
Z283106,Priority
N1520554,Priority
N1521664,Priority
N1523920,Priority
N1525312,Priority
N1526594,Priority
N1531204,Priority
Z291481,Priority
N1620326,Priority
N1620686,Priority
N1621800,Priority
N1517723,Priority
N1514496,Priority
N1507784,Priority
N1508362,Priority
N1510145,Priority
N1510569,Priority
N1510546,Priority
N1513990,Priority
N1514541,Priority
N1514466,Priority
N1514617,Priority
N1517013,Priority
Z281973,Priority
N1519294,Priority
Z283106,Priority
N1520554,Priority
N1521664,Priority
N1523920,Priority
N1525312,Priority
N1526594,Priority
N1531204,Priority
Z291481,Priority
N1620326,Priority
N1620686,Priority
N1621800,Priority
N1517723,Priority
N1514496,Priority
N1617433,Priority
Z308025,Priority
N1620278,Priority
N1615611,Priority
N1616494,Priority
N1617350,Priority
Z308234,Priority
Z308226,Priority
N1621305,Priority
N1621871,Priority
N1612691,Priority
N1621297,Priority
N1611247,Priority
N1609064,Priority
N1619936,Priority
N1614530,Priority
N1610137,Priority
N1616736,Priority
N1609644,Priority
N1610601,Priority
N1610833,Priority
N1611138,Priority
Z308365,Priority
N1613385,Priority
N1611149,Priority
N1617433,Delayed
Z308025,Delayed
N1620278,Priority
N1615611,Priority
N1616494,Priority
N1617350,Priority
Z308234,Priority
Z308226,Priority
N1621305,Priority
N1621871,Priority
N1612691,Priority
N1621297,Priority
N1611247,Priority
N1609064,Priority
N1619936,Priority
N1614530,Priority
N1610137,Priority
N1616736,Priority
N1609644,Priority
N1610601,Priority
N1610833,Priority
N1611138,Priority
Z308365,Priority
N1613385,Priority
N1611149,Priority
C1672017,Priority
C1668900,Priority
C1667507,Priority
C1669575,Priority
N1534067,Priority
N1501917,Priority
Z294697,Priority
N1573262,Priority
N1617433,Priority
N1479923,Priority
N1508745,Priority
N1544021,Priority
Z293992,Priority
W689493,Priority
N1549373,Priority
N1549442,Priority
N1506309,Priority
N1481706,Priority
N1478283,Priority
Z287816,Priority
Z308025,Priority
Z286979,Priority
N1575279,Priority
N1512506,Priority
N1517621,Priority
N1609571,Priority
N1615627,Priority
N1598485,Priority
N1599500,Priority
N1598780,Priority
N1598605,Priority
N1598743,Priority
N1598756,Priority
N1598568,Priority
N1618054,Priority
N1618493,Priority
N1599661,Priority
N1617471,Priority
N1603468,Priority
N1616382,Priority
N1598919,Priority
N1599531,Priority
N1599791,Priority
N1613346,Priority
N1617243,Priority
N1614677,Priority
N1597026,Priority
N1597002,Priority
N1597038,Priority
N1597071,In-Progress
N1609571,Priority
N1615627,Priority
N1598485,Priority
N1599500,Priority
N1598780,Priority
N1598605,Priority
N1598743,Priority
N1598756,Priority
N1598568,Priority
N1618054,Priority
N1618493,Priority
N1599661,Priority
N1617471,Priority
N1603468,Priority
N1616382,Priority
N1598919,Priority
N1599531,Priority
N1599791,Priority
N1613346,Priority
N1617243,Priority
N1614677,Priority
N1597026,Priority
N1597002,Priority
N1597038,Priority
N1597071,Priority
